Episode,Reward,Loss,Epsilon
1,-41.09173145730636,0.018468497897929592,0.199905
2,-157.18505879697784,0.0781904975771904,0.19981000000000002
3,-170.3311306552506,0.1688492522612214,0.199715
4,-226.2049710024584,0.3500277363955975,0.19962000000000002
5,-99.77192988731883,0.5313439181447029,0.199525
6,-84.08465160032175,0.6470957544744015,0.19943000000000002
7,-95.87077392952101,0.7123703911900521,0.199335
8,-13.638793753667843,0.7264938673973084,0.19924
9,-65.7362057767364,0.701831866979599,0.19914500000000002
10,-29.221587202133545,0.7548395082056523,0.19905
11,14.16495789452963,0.7878125146329403,0.19895500000000002
12,-40.57285549444251,0.8455675650537015,0.19886
13,-12.047323247805455,0.8215940396487713,0.19876500000000002
14,55.64028845561068,0.9448659668564796,0.19867
15,0.6884831749832927,0.7104793035686016,0.198575
16,23.507182848030553,0.7503110789060593,0.19848000000000002
17,6.401205194970565,0.7158639014065266,0.198385
18,51.267255812283175,0.7395121195316314,0.19829000000000002
19,-0.6400301207262347,0.6707307162880898,0.198195
20,79.61964726547245,0.7142033942937851,0.1981
21,102.90748525176339,0.696583839982748,0.19800500000000001
22,45.82383827794126,0.6864481362402439,0.19791
23,132.5197402773561,0.7417911732494831,0.19781500000000002
24,270.2110756068547,0.7307557282447815,0.19772
25,139.84402775737593,0.9099179461300373,0.19762500000000002
26,107.02325148098564,0.8503217808902264,0.19753
27,449.6608553521852,0.9145286638438702,0.197435
28,503.4498873464158,0.992696574896574,0.19734000000000002
29,695.6151376861286,1.1261604856848717,0.197245
30,590.0643994946159,1.2509714165329933,0.19715000000000002
31,824.9444059045937,1.3869114847779274,0.197055
32,1167.3082836716571,1.6078652980327606,0.19696000000000002
33,1088.7320088393549,1.9067679977416991,0.196865
34,1279.7189278223398,2.4202624173164367,0.19677
35,637.8491276492077,2.7536078070402144,0.19667500000000002
36,707.8506733044121,2.9935303618907927,0.19658
37,1418.2213376905374,3.294721474170685,0.19648500000000002
38,1288.5641843459207,3.648959359169006,0.19639
39,1105.7360338282756,4.017241236448288,0.196295
40,1524.2028423812237,5.974845970392227,0.1962
41,1186.1378301244386,4.3615462683439254,0.196105
42,1512.2190611696956,4.788443616390229,0.19601000000000002
43,1573.3025274671577,5.034828792572021,0.195915
44,164.1886859245256,6.12854452252388,0.19582000000000002
45,1707.6799550863107,5.767238706588745,0.195725
46,1716.347496034374,6.465467578411102,0.19563
47,1769.8915791228014,7.288427217245102,0.19553500000000001
48,1154.4000284854044,7.7241766216754915,0.19544
49,1169.6201515108985,8.274194231033325,0.19534500000000002
50,1403.9002135376022,8.708365330934525,0.19525
51,1232.6979962897435,9.620741742610932,0.19515500000000002
52,196.7438327110964,9.988868271827698,0.19506
53,361.40075684829094,8.947156404972077,0.194965
54,1560.5639396680285,9.6133186647892,0.19487000000000002
55,1640.5381692524156,10.846818076372147,0.194775
56,-89.08699405238836,10.836267532348632,0.19468000000000002
57,1801.0688347820933,11.274890566110612,0.194585
58,985.373402994567,12.228533723592758,0.19449000000000002
59,457.97855111773055,11.850365344285965,0.194395
60,665.9182200392046,11.832047708511352,0.1943
61,1657.7165712746612,12.298427547454834,0.19420500000000002
62,230.44037813502572,12.78001061964035,0.19411
63,1091.7667847838213,12.274221920013428,0.19401500000000002
64,1011.511174531302,11.524810709476471,0.19392
65,1261.2845586106848,13.890152126789094,0.19382500000000003
66,-13.228986789692653,13.817068330287933,0.19373
67,1890.4853787263753,13.762118284225464,0.193635
68,2209.3660857573173,14.691375648975372,0.19354000000000002
69,2231.439279273533,14.82116287946701,0.193445
70,2078.070826193113,15.105653538703919,0.19335000000000002
71,1800.8298528090397,15.785673254966737,0.193255
72,1493.5566737600404,16.45476852464676,0.19316
73,1717.3024022076377,14.546541462421418,0.19306500000000001
74,1681.4109868116757,15.119176024436952,0.19297
75,1744.7524719726962,16.933473519802092,0.19287500000000002
76,1824.563646283586,17.72101768922806,0.19278
77,1587.0924341463976,19.712251508712768,0.19268500000000002
78,1255.4018227154545,20.133558089256287,0.19259
79,1499.7382270442085,18.309504243850707,0.192495
80,1833.2949117689018,19.105391716003417,0.19240000000000002
81,2121.6672164234324,19.849772635936738,0.192305
82,1968.2998665283021,19.328175096988677,0.19221000000000002
83,2153.7274044352253,20.077501656532288,0.192115
84,1964.19241170144,19.50728013706207,0.19202000000000002
85,-44.79959293516694,20.148734250545502,0.191925
86,2100.8663063439917,21.108766918182372,0.19183
87,2143.9126233962825,23.050653040409088,0.19173500000000002
88,1830.6715661048045,23.921779339790344,0.19164
89,2069.7422167146974,23.239659970760346,0.19154500000000002
90,2194.1669578792335,23.91571275520325,0.19145
91,1337.9222698132291,22.686248569488527,0.191355
92,1358.679071810645,22.064975556373597,0.19126
93,1834.3009782800011,25.381494759559633,0.191165
94,1352.1773537917657,24.110254712581636,0.19107000000000002
95,2193.552762934374,24.21478830385208,0.190975
96,1400.9233052289087,38.656638800144194,0.19088000000000002
97,2105.5411005432006,26.32498607826233,0.190785
98,409.35224371058905,24.02453719997406,0.19069
99,811.7654640548301,22.555251005649566,0.19059500000000001
100,2340.9643028752857,26.511914608478545,0.1905
101,1958.177027496775,23.95757658624649,0.19040500000000002
102,2058.322244330026,25.587824704170227,0.19031
103,1904.4921078930308,25.862880715370178,0.19021500000000002
104,1108.9231912862456,27.388451240062714,0.19012
105,2031.498387563564,26.28594971513748,0.190025
106,2014.519228847895,25.564054569244384,0.18993000000000002
107,2244.436267134438,29.651129800796507,0.189835
108,2605.537290530522,27.61295152950287,0.18974000000000002
109,2543.885088007634,30.096407684803008,0.189645
110,2360.9363314977227,28.207998177051543,0.18955
111,2253.0723595074437,29.565498638153077,0.189455
112,511.57350636229506,29.80484861946106,0.18936
113,2304.7782421867,28.065377881526945,0.18926500000000002
114,784.911552151708,27.819957778930664,0.18917
115,2185.8760580110747,30.61661170721054,0.18907500000000002
116,2335.8143635317642,29.309064053058624,0.18898
117,2489.9057830967554,30.19312344837189,0.18888500000000003
118,563.3997542416711,35.32544816493988,0.18879
119,2396.929264659481,28.942592368125915,0.188695
120,152.510460340847,34.81858017921448,0.18860000000000002
121,2112.346866037709,32.62409927177429,0.188505
122,-22.10590092151154,35.4081951713562,0.18841000000000002
123,2495.3633265201856,30.69490924024582,0.188315
124,2088.4285736852403,34.65564494943619,0.18822
125,2114.22662957396,31.92406341791153,0.18812500000000001
126,2346.4285372639993,32.42402251911163,0.18803
127,2277.8725538591934,32.424939219474794,0.18793500000000002
128,2127.8551766081637,36.19459631824493,0.18784
129,2265.1057078612093,40.63032046890259,0.18774500000000002
130,2387.5200551054436,35.34559397792816,0.18765
131,2210.949767706582,37.15745406913757,0.187555
132,2743.049344915149,37.137275022506714,0.18746000000000002
133,2827.521710287212,31.86683283138275,0.187365
134,2737.342251164896,37.03540160655975,0.18727000000000002
135,2537.0191922529566,36.14966048383713,0.187175
136,2235.1695968144454,37.63013073062897,0.18708000000000002
137,2487.753166632643,39.366261476516726,0.186985
138,2658.067154163941,37.48462657737732,0.18689
139,2674.4637130131086,37.254514485836026,0.18679500000000002
140,2454.0414439332926,39.0885689907074,0.1867
141,2411.683064401415,36.86354917764664,0.18660500000000002
142,2456.9097739527447,39.75817876625061,0.18651
143,2289.283149546167,36.81278611850738,0.186415
144,2340.6545916374403,59.26482035350799,0.18632
145,2165.05830330167,42.244085499763486,0.186225
146,2667.5902799680784,38.15130181312561,0.18613000000000002
147,2609.314743104435,44.81822322940826,0.186035
148,2137.869487486687,40.86805252075195,0.18594000000000002
149,2267.419011315988,38.56630653095245,0.185845
150,2532.652522626264,41.616121907234195,0.18575
151,2699.955160436466,37.709702639579774,0.18565500000000001
152,2549.8652771740726,41.72776344108581,0.18556
153,2495.46900428937,40.41223710536957,0.18546500000000002
154,2598.6557848957227,42.93022408866882,0.18537
155,2021.6121165810712,40.820328514099124,0.18527500000000002
156,2508.0168086321687,44.09395936870575,0.18518
157,2679.5449767623213,42.66604745960235,0.185085
158,1359.0799268128224,43.82782817459106,0.18499000000000002
159,2997.3545696466867,45.933091414451596,0.184895
160,3045.3753279686675,40.11196380901337,0.18480000000000002
161,3046.662361780996,45.43470830154419,0.184705
162,2838.140358721177,44.14497338581085,0.18461
163,2727.526828712417,47.80180012130737,0.184515
164,2710.5255938078,47.70384340763092,0.18442
165,3120.883790744089,44.02072096061706,0.18432500000000002
166,2751.2746825197205,50.89528245544434,0.18423
167,2715.9076379873854,45.321237888336185,0.18413500000000002
168,3013.0380576171156,45.392188382148746,0.18404
169,2783.277796230054,46.81775737667084,0.18394500000000003
170,2698.406976052873,45.70675651550293,0.18385
171,2792.729741786799,50.27706352043152,0.183755
172,2972.308137194314,51.427533041000366,0.18366000000000002
173,2866.346827092826,52.60841688632965,0.183565
174,2927.340277366701,50.0885678730011,0.18347000000000002
175,3100.202072857752,52.251709513664245,0.183375
176,2603.426399001444,50.94120611190796,0.18328
177,2548.181489739275,49.594741855621336,0.18318500000000001
178,3245.400897359572,52.84879945755005,0.18309
179,2681.049114826216,55.40938449859619,0.18299500000000002
180,3116.3882735260718,59.84359043598175,0.1829
181,2727.3106711834976,51.29860815048218,0.182805
182,2862.3203703454656,56.77702408981323,0.18271
183,3251.7658522322176,58.044050860404965,0.182615
184,2854.4719557682142,59.59851435279846,0.18252000000000002
185,2788.0778299440854,59.857743535041806,0.182425
186,3261.8334820252426,55.825816285133364,0.18233000000000002
187,3096.9877347023967,70.78341705703735,0.182235
188,3094.9672051360344,64.08348536968231,0.18214000000000002
189,3184.686923754844,56.69740347671509,0.182045
190,3390.7980899410063,59.1557529373169,0.18195
191,3157.018824678095,65.2619129858017,0.18185500000000002
192,2947.42664825349,53.02476706981659,0.18176
193,3173.133555690264,65.25248132896424,0.18166500000000002
194,3020.558604133719,66.94258311271668,0.18157
195,2845.4886534010507,62.069569566726685,0.181475
196,2658.2850733053224,68.24375875759125,0.18138
197,2396.7789684751265,66.43471909332276,0.181285
198,2908.547521564893,74.47133467674256,0.18119000000000002
199,3160.852892944934,67.22034652900696,0.181095
200,3238.73498370112,67.78206525993347,0.18100000000000002
201,2900.2929698632884,68.27726596832275,0.180905
202,2930.9924360539108,64.01033007621766,0.18081
203,3103.18991183863,71.53267580509186,0.18071500000000001
204,3105.3474557616537,64.56765245628357,0.18062
205,2657.163119661071,74.95361755180359,0.18052500000000002
206,2959.447252878536,69.46481635475159,0.18043
207,2568.1654100842034,69.91857979106904,0.18033500000000002
208,3192.073250240817,87.37414761066437,0.18024
209,3082.4949018131324,74.78662198543549,0.180145
210,3256.608638046791,72.5977532634735,0.18005000000000002
211,2691.175967220467,73.73397844791413,0.179955
212,3155.3570319004807,75.15890942764283,0.17986000000000002
213,2945.463092559229,70.3571084318161,0.179765
214,2945.2684172754102,71.46754510498047,0.17967
215,3301.440259349752,78.77647554302216,0.179575
216,2967.31483020995,81.81613492488862,0.17948
217,2852.2645821534998,80.21209777641296,0.17938500000000002
218,2669.2620889957184,86.01171737003327,0.17929
219,2844.485614224326,75.66049827384948,0.17919500000000002
220,2918.3615947371236,87.87359021568298,0.1791
221,3386.8831703048586,69.23322112751008,0.17900500000000003
222,3101.4266556838747,71.9304766216278,0.17891
223,2877.6515171911515,75.87659608268737,0.178815
224,2560.4204718796627,79.0586870136261,0.17872000000000002
225,2486.795844868226,80.14151637268067,0.178625
226,2820.09880106664,85.21884965229034,0.17853000000000002
227,3150.5956516823658,80.59420299053193,0.178435
228,2937.8221051139803,67.08872057151794,0.17834
229,3027.5454777501895,82.95535319423675,0.17824500000000001
230,2995.9422787770372,84.07877051639556,0.17815
231,3347.0292939738474,82.98089227962494,0.17805500000000002
232,2749.4691921734934,84.7888054523468,0.17796
233,2937.769120142884,82.05615050697327,0.177865
234,2298.2376289204944,85.44449814033509,0.17777
235,2280.6494454186018,88.69849654388427,0.177675
236,2510.7936341811283,85.36842269897461,0.17758000000000002
237,2766.2894043738665,88.63283368873596,0.177485
238,2468.9723346177984,90.13463753604888,0.17739000000000002
239,2770.9053946322238,87.48829471683503,0.177295
240,1311.8934039908622,80.67257972335815,0.17720000000000002
241,2788.288406843887,77.17442892932891,0.177105
242,2906.7782902011995,84.75818291378022,0.17701
243,3035.971018680867,80.91010161304474,0.17691500000000002
244,3287.998230931155,81.08170726680756,0.17682
245,2535.3537933054536,86.51553746509552,0.17672500000000002
246,2686.1854649781326,87.34046397876739,0.17663
247,2197.0493896826297,85.85105567741394,0.176535
248,2230.324373095425,88.22281971740723,0.17644
249,2515.7432854060226,88.06867406654358,0.176345
250,2862.0164583130463,85.93827463150025,0.17625000000000002
251,3052.0317115895755,83.60273392772675,0.176155
252,3229.870054260985,86.59943712234497,0.17606
253,569.5948222050632,89.37702274417877,0.175965
254,3286.855519378642,91.31003605651856,0.17587
255,3205.572829506475,85.81239889907837,0.17577500000000001
256,2997.1539166734183,89.76976072311402,0.17568
257,3125.6649656605528,90.98397835540771,0.17558500000000002
258,2913.2703160683245,99.57030306339264,0.17549
259,2652.0891880150843,87.19619285678864,0.17539500000000002
260,2673.646566683665,93.06672208881378,0.1753
261,2095.433586148738,107.64602881717681,0.175205
262,2436.379201031532,90.405802611351,0.17511000000000002
263,2464.3095963227347,99.43320898532868,0.175015
264,2675.485081985142,90.62418403530121,0.17492000000000002
265,2916.2739843133404,89.6773670501709,0.174825
266,2948.3509168095297,91.14387188911438,0.17473
267,2775.5895406205254,83.43294253063202,0.174635
268,3330.307058548736,79.53341922664643,0.17454
269,3209.4621333161017,96.34631855297089,0.17444500000000002
270,2555.189975075308,90.08369532585144,0.17435
271,2430.607988140115,92.84501421260833,0.17425500000000002
272,3120.3847008128487,97.69026367282868,0.17416
273,2718.3343232672783,100.92099864578248,0.17406500000000003
274,3053.098458687457,104.02963118171692,0.17397
275,2759.3616839861625,96.17485528182984,0.173875
276,2983.3192406659123,94.34881548500061,0.17378000000000002
277,3146.707100953987,98.47902158260345,0.173685
278,3141.314046588412,105.31464360237122,0.17359000000000002
279,3185.803753329802,90.20103446578979,0.173495
280,2947.575313880039,93.41270043754578,0.1734
281,2744.6535979486266,94.63752800178528,0.17330500000000001
282,2502.6123533200075,126.87753517436981,0.17321
283,2916.1858795951375,101.44475688552856,0.17311500000000002
284,2610.064821894783,73.09817200374603,0.17302
285,2634.7192886587736,98.38348490524292,0.172925
286,2767.788969233381,94.7669434785843,0.17283
287,2985.7826607838956,89.72146438121796,0.172735
288,3330.238170273986,93.50256127071381,0.17264000000000002
289,3288.250919860809,227.76247714614868,0.172545
290,3296.9532624948674,97.45160777854919,0.17245000000000002
291,1379.035628656499,89.64692069625855,0.172355
292,2925.352314229553,94.88341734313966,0.17226000000000002
293,3036.179069423319,91.60698327636719,0.172165
294,3075.258611845813,101.78855849838257,0.17207
295,2738.3866748800733,92.56570380210877,0.17197500000000002
296,3287.501406645833,97.81016996955871,0.17188
297,3276.198102840158,86.53937064266205,0.17178500000000002
298,3127.040281666411,97.18515651226043,0.17169
299,3436.5965109402787,96.05774663829803,0.171595
300,2814.2911584697626,91.28506172752381,0.1715
301,3245.5640999815073,90.95624096298218,0.171405
302,3118.2553062638676,91.8042398147583,0.17131000000000002
303,2897.5330392173305,96.44791305732727,0.171215
304,3248.096449689618,95.80798524093628,0.17112
305,3029.4438368183287,86.51660723590851,0.171025
306,3286.598790366183,96.63730072784423,0.17093
307,3036.6886050887197,98.24751133918762,0.17083500000000001
308,-139.65725689049782,95.78007166862488,0.17074
309,1774.6254828478675,94.26753555870056,0.17064500000000002
310,2264.9047052486876,97.50364713859558,0.17055
311,2445.1742741098446,90.53869078540802,0.17045500000000002
312,2071.693244506771,112.9648967924118,0.17036
313,2587.4594678561393,94.9735691986084,0.170265
314,291.6019413892629,105.71274279212952,0.17017000000000002
315,2635.0865149177735,101.57502228450775,0.170075
316,2565.0572503335657,88.66233443260192,0.16998000000000002
317,2940.706094767523,93.91490345287323,0.169885
318,3116.6905864243845,99.1406005859375,0.16979
319,2970.9962078715416,89.6039161119461,0.169695
320,2997.992468577152,94.08523251342774,0.1696
321,2696.5191353953524,89.81015312671661,0.16950500000000002
322,2328.7973618706405,103.99798319435119,0.16941
323,2564.6347746342353,99.29992098712921,0.16931500000000002
324,2768.503641553591,92.34747206115722,0.16922
325,3133.546435599213,99.6123879032135,0.169125
326,2827.939016783472,96.22343644809723,0.16903
327,2837.626244021998,102.88623259925842,0.168935
328,2197.86733979943,92.85637392425537,0.16884000000000002
329,1858.7657368901234,92.85883801841736,0.168745
330,2167.384201381404,96.76951887798309,0.16865000000000002
331,62.76718122388173,88.64546247386933,0.168555
332,2752.5680485305747,97.74912336540223,0.16846
333,3164.113166896817,98.42215981674194,0.16836500000000001
334,2500.232445867241,96.13403559017182,0.16827
335,792.4689883188807,99.50693572235107,0.16817500000000002
336,459.94944560192926,95.23303460788726,0.16808
337,2941.790071648736,119.19985334396362,0.167985
338,1313.537435079357,97.5017277507782,0.16789
339,2382.1272996944613,88.206281124115,0.167795
340,1964.7608943094824,96.96624338626862,0.16770000000000002
341,2787.506398198738,91.9571707572937,0.167605
342,609.2317642113675,102.4987639799118,0.16751
343,2497.09968059197,78.03410517406463,0.167415
344,2705.5998348902344,101.32853357887268,0.16732000000000002
345,2633.498939223145,92.46621034431458,0.167225
346,2898.0860960788327,95.9315395526886,0.16713
347,2977.232202221594,94.08145223617554,0.16703500000000002
348,3304.6618075210454,89.51580763626099,0.16694
349,2979.634300848559,93.01125909137726,0.16684500000000002
350,2808.8508442399834,95.51218983078003,0.16675
351,3306.8562693208432,94.01557547569274,0.166655
352,3255.7966827670148,94.16200664234161,0.16656
353,2774.287472003873,86.81790498733521,0.166465
354,2812.6953730199684,90.20943632125855,0.16637000000000002
355,2561.5048858740147,97.89766099643707,0.166275
356,2691.5719419358484,90.71116150951386,0.16618
357,2800.8728309460007,88.11571162223817,0.166085
358,3236.887341192868,86.17814286804199,0.16599000000000003
359,3163.974142381495,83.02045028018951,0.16589500000000001
360,3022.5762902192773,76.0335198059082,0.1658
361,3377.6273435939693,1418.4948284406662,0.16570500000000002
362,3400.063363039087,94.3219906320572,0.16561
363,3199.5674779090723,105.2506777858734,0.16551500000000002
364,3233.3227206369306,92.10404709625244,0.16542
365,3134.742174314816,93.92272781181336,0.165325
366,3384.038772653871,94.1451205444336,0.16523000000000002
367,3299.8153749784124,94.82534694766998,0.165135
368,3371.482356703204,91.49101280403137,0.16504000000000002
369,3320.6260096487354,86.46179850292206,0.164945
370,3324.110753156476,87.94705705165863,0.16485
371,3608.065905337108,86.55556247997283,0.164755
372,3448.514759452873,91.67076123332977,0.16466
373,3342.710224406989,96.37230823135376,0.16456500000000002
374,3002.564203476575,91.38414175224304,0.16447
375,3013.7198298286376,82.60177162075043,0.164375
376,3142.8873603807565,95.08503778076172,0.16428
377,3342.8468020247215,80.40308689498902,0.16418500000000003
378,2771.9153673700794,101.65332291316986,0.16409
379,2777.4155654361575,98.77073073101043,0.163995
380,2837.876428329052,102.7924969959259,0.16390000000000002
381,3212.758316692569,90.77782839488984,0.163805
382,2685.6465112220567,84.08513081264496,0.16371000000000002
383,2675.184488066885,87.14150534343719,0.163615
384,2502.6070694800424,95.30211657047272,0.16352
385,3334.3399852242615,87.1781880197525,0.16342500000000001
386,3069.965322305757,97.82113032817841,0.16333
387,3433.3635626705973,88.24013829231262,0.16323500000000002
388,3232.642402636564,86.00066640472411,0.16314
389,3098.33477093013,94.76746779346466,0.163045
390,3059.5924898910857,103.643239112854,0.16295
391,3045.62807262777,100.33211412906647,0.162855
392,3208.3500422305938,95.5338031988144,0.16276000000000002
393,1791.1472956442171,93.6802838010788,0.162665
394,3136.913236221505,95.79977314949036,0.16257
395,3028.0498264163316,98.51945687580108,0.162475
396,3154.2663861093797,94.47760144519806,0.16238000000000002
397,2665.845225740787,96.53186445140838,0.162285
398,2519.5141026467672,96.91298276138306,0.16219
399,1301.9650215134704,104.94835065174102,0.16209500000000002
400,3180.1783099624513,92.88920346736909,0.162
401,3001.265950811207,88.06270251274108,0.16190500000000002
402,2522.2635889523795,95.37084119987487,0.16181
403,2003.242220402536,95.07043587112426,0.161715
404,2455.636013011521,95.36450108528138,0.16162
405,1631.0381443621259,97.43903555774689,0.161525
406,2838.2438064864596,98.76998450374603,0.16143000000000002
407,2972.444688491274,98.18322617340088,0.161335
408,3274.7468376304532,89.84524667358399,0.16124
409,3209.469290711781,96.82838834953309,0.161145
410,3053.351999211965,91.00419839191437,0.16105
411,2595.057804240416,91.54848603343963,0.16095500000000001
412,3298.614765181158,93.56294792175294,0.16086
413,3157.82104211991,95.72852052402496,0.16076500000000002
414,3107.235857754144,99.08918561458587,0.16067
415,3477.1004157304546,94.3468130941391,0.16057500000000002
416,3148.3955072337876,97.92397689723968,0.16048
417,3534.7872373357545,86.8011630039215,0.160385
418,3438.5778100557113,93.70826675796509,0.16029000000000002
419,3344.0619143160966,88.74304051017761,0.160195
420,3289.4374403667666,95.26402280712128,0.16010000000000002
421,3204.155415036989,101.60787416648864,0.160005
422,3217.9928668350176,282.24783578014376,0.15991
423,2971.392828568681,101.26740930366516,0.159815
424,3384.3659916809047,100.18928476905823,0.15972
425,3333.644478523135,86.58803231525421,0.15962500000000002
426,3342.3693345483034,93.56976271152496,0.15953
427,3480.9552342186385,99.51100572872161,0.159435
428,3448.9988879458506,94.90591080856323,0.15934
429,3825.813265080334,87.18949363708496,0.15924500000000003
430,3513.0683323612034,93.6335923614502,0.15915
431,3503.9978235719673,99.09693338775635,0.159055
432,3591.755182041789,99.26719002246857,0.15896000000000002
433,3349.151137403208,98.59472623443604,0.158865
434,3073.9559457613436,96.74464840412139,0.15877000000000002
435,3268.2470237177454,101.58183819198608,0.158675
436,2932.3657442781446,100.17398016548157,0.15858
437,3214.4358710467764,100.90146589565278,0.15848500000000001
438,3561.1929644479947,107.74891892719269,0.15839
439,3800.8015616092607,92.63305015277862,0.15829500000000002
440,3562.370683565243,109.65887558841705,0.1582
441,3814.221856041719,97.46861499214172,0.158105
442,3605.654991158444,103.13951075077057,0.15801
443,3581.6893795672872,95.2728886423111,0.157915
444,3908.2999294449423,106.52085009098053,0.15782000000000002
445,3150.7874004802457,127.638985080719,0.157725
446,2960.0613762694697,107.4162875099182,0.15763
447,2847.8800270107567,91.26126044559479,0.157535
448,2982.7628221953587,123.2161656961441,0.15744000000000002
449,3254.663504615578,111.69249691677093,0.157345
450,3052.4492774476676,102.7333203458786,0.15725
451,3148.5451226368973,102.54077571964264,0.15715500000000002
452,3604.608399898562,103.10168980121612,0.15706
453,3590.6960260730243,112.05046219062805,0.15696500000000002
454,3477.333027405785,111.70172914791107,0.15687
455,3405.02303118296,101.6286791639328,0.156775
456,3710.7210125397846,100.49758566570281,0.15668
457,3587.307025866246,101.20851263904572,0.156585
458,3653.1903876736246,119.1519611711502,0.15649000000000002
459,3641.0566827451094,108.00982500743866,0.156395
460,3087.40509466237,111.86925378417969,0.1563
461,3287.1897232732076,107.34693647480012,0.156205
462,3791.7404902705293,98.7384142818451,0.15611
463,3773.5792023080994,104.6263503293991,0.15601500000000001
464,3516.7378625185784,111.16541297912597,0.15592
465,3379.873307829567,108.6956990814209,0.15582500000000002
466,3679.964713797573,109.89601018619537,0.15573
467,3554.876352844965,105.68733965778351,0.15563500000000002
468,3463.631530650438,103.89643074893951,0.15554
469,3415.373239221322,120.69108862304688,0.155445
470,3602.292213091612,110.59099408912658,0.15535000000000002
471,3476.337569937535,98.90099001026154,0.155255
472,3839.04909802891,102.79014890289307,0.15516000000000002
473,3560.8344451259554,102.98890507793426,0.155065
474,3742.5569912382052,121.19682288265228,0.15497
475,3309.7530481291533,171.9377216014862,0.154875
476,3137.9116211005316,125.00729942893982,0.15478
477,3666.563693894312,171.0330953388214,0.15468500000000002
478,3711.632029222944,125.29229753875732,0.15459
479,3579.865821667025,113.15450851535797,0.154495
480,3717.043457652351,107.40746813201905,0.1544
481,3502.425360323371,105.13519173526764,0.15430500000000003
482,3575.544074902826,111.72476768016816,0.15421
483,3719.0417540793333,120.440196641922,0.154115
484,3560.378512429178,115.39159813308716,0.15402000000000002
485,3728.063672160711,122.9960315246582,0.153925
486,3578.375304298952,106.16977292251588,0.15383000000000002
487,3169.3616781559167,120.73398065662384,0.153735
488,2846.27617597184,122.00886743354798,0.15364
489,2897.5499487265843,120.20875776100159,0.15354500000000001
490,3033.2082635313177,105.92942264175414,0.15345
491,3296.8470518779322,105.67190136623383,0.15335500000000002
492,3422.8383713512208,120.68587792873383,0.15326
493,3325.3026678011183,130.33517954158782,0.153165
494,3554.5680293713776,122.04567949962616,0.15307
495,3631.0537444020924,126.90413962268829,0.152975
496,3728.2274785662,112.1833571100235,0.15288000000000002
497,3504.938849547362,120.78706124782562,0.152785
498,3320.2920712097944,119.97962858104705,0.15269
499,3387.269711354467,116.10014347076417,0.152595
500,3776.082941839548,109.26877155971528,0.15250000000000002
501,3653.4936414396934,147.49003497600555,0.152405
502,3526.637417813252,125.12472152900696,0.15231
503,3356.8423537672256,107.41838318538666,0.15221500000000002
504,3347.173679186568,122.12161859703063,0.15212
505,3525.5882182587598,110.928364818573,0.15202500000000002
506,3693.211354532776,127.91735482215881,0.15193
507,3432.360935285007,118.06971574401855,0.151835
508,3703.403476398714,112.53660994148254,0.15174
509,3589.437254077215,115.64329372787475,0.151645
510,3748.3985355222208,117.2567515220642,0.15155000000000002
511,3584.8853864333046,119.85696238803864,0.151455
512,3620.2780014660584,112.55051102256775,0.15136
513,3634.2032407770407,126.91877318191528,0.151265
514,3388.0602057104647,114.66609213638306,0.15117
515,3443.9442888946746,116.61918195533752,0.15107500000000001
516,3438.167300979942,116.9103737335205,0.15098
517,500.95951156265176,115.46683742141724,0.150885
518,3830.958455723435,114.49440964984893,0.15079
519,3616.4108819875855,112.39503708744049,0.15069500000000002
520,3382.4862310080043,113.49746270370484,0.1506
521,2276.1394684156426,118.34260264015198,0.150505
522,1560.2916774926896,118.44414066314697,0.15041000000000002
523,2198.112081872692,114.58406581115723,0.150315
524,3103.097003979626,124.95635320568084,0.15022000000000002
525,3480.8438906281604,122.10351244926453,0.150125
526,3565.8015109590815,115.7508186006546,0.15003
527,3419.573628814318,113.88079874706268,0.149935
528,2821.32507722448,120.73132094192505,0.14984
529,3321.756955621077,111.09477776241303,0.14974500000000002
530,3498.1309051055255,131.21150981998443,0.14965
531,3528.4994451518437,117.98708233547211,0.149555
532,3315.4571194489668,137.4939120349884,0.14946
533,3316.141653393433,119.90425045776367,0.14936500000000003
534,3117.3683679439155,114.56495699977874,0.14927
535,3406.729076197136,123.45922575569153,0.149175
536,3503.7667936422777,112.92182485103608,0.14908000000000002
537,3490.2758178353174,126.13673279666901,0.148985
538,3780.915624199201,111.09944095611573,0.14889000000000002
539,3794.0399070728517,117.1052903137207,0.148795
540,3658.9026482318836,114.35722837638855,0.1487
541,3414.732792945272,118.53329841232299,0.14860500000000001
542,3716.4714280591634,111.80690295505524,0.14851
543,3396.176418096708,121.92937123680115,0.14841500000000002
544,3243.6208893202875,118.18995287418366,0.14832
545,3993.151743755802,141.25990026474,0.148225
546,3503.0974773219027,123.84754176044464,0.14813
547,3510.0827359810423,115.74462929058075,0.148035
548,3812.7402939372946,127.75539819812775,0.14794000000000002
549,3670.569638339361,122.35929362297058,0.147845
550,526.7568758090754,143.4118069038391,0.14775
551,3851.2017628375124,127.37534718608856,0.147655
552,3916.119912357876,111.65636936473847,0.14756000000000002
553,3253.6599490035364,113.62329406833649,0.147465
554,3536.9050705174504,118.42023633861541,0.14737
555,3722.2754086454825,123.14214026546479,0.14727500000000002
556,3857.5377736000783,117.69405441951751,0.14718
557,3434.0938702488947,142.94383137607574,0.14708500000000002
558,3475.0366791498323,119.11824404144286,0.14699
559,3683.3095323111274,116.33244347000122,0.146895
560,1822.3340623086153,110.86880053424835,0.1468
561,3879.837408445366,117.13424052238464,0.146705
562,3283.6230535978675,112.6237370710373,0.14661000000000002
563,3281.6827471195825,132.88738151359559,0.146515
564,3490.0729335396854,114.17652159118653,0.14642
565,3868.006289511954,111.82991288852692,0.146325
566,3633.2706031870243,300.3929849081039,0.14623
567,3667.079944001792,138.07196631240845,0.14613500000000001
568,1272.3116088831728,123.9452912273407,0.14604
569,3614.9525823981235,108.43801460075379,0.145945
570,2019.2619679189627,126.09758696365357,0.14585
571,3826.9004332611685,127.6181630601883,0.14575500000000002
572,3094.376930525939,123.4281198015213,0.14566
573,3786.904755144945,116.01004449748993,0.145565
574,3780.7525699695598,102.96303136730194,0.14547000000000002
575,3780.72475363893,118.71103399085999,0.145375
576,1162.9794309486274,130.06641770744324,0.14528000000000002
577,-468.8741935496187,112.64593510627746,0.145185
578,2386.7127349564817,116.76553791809081,0.14509
579,2747.479797078562,118.78650444030762,0.144995
580,3469.6581164083736,116.8097950258255,0.1449
581,3056.70662675688,128.44250560188294,0.14480500000000002
582,3552.9594553729194,135.36119867038727,0.14471
583,3692.8639344693597,124.18127519893646,0.144615
584,3371.215962097296,135.2267176952362,0.14452
585,3581.3412929113606,121.7212124967575,0.144425
586,3287.1996960009496,135.1049584541321,0.14433
587,3361.1240530459972,132.54277375411988,0.144235
588,1889.3337386698795,105.22049235916138,0.14414000000000002
589,3253.1081129019394,127.16555035495757,0.144045
590,3582.200952212628,307.8536002025604,0.14395000000000002
591,3276.462197271623,119.02226332092285,0.143855
592,3772.382279865511,121.29591848564148,0.14376
593,3516.9644234300013,116.5261156988144,0.14366500000000001
594,3121.439754727935,120.29661825275421,0.14357
595,3839.6972985658963,113.41685876464844,0.14347500000000002
596,3294.146537703112,126.95645632266998,0.14338
597,-108.03804498258124,125.704059715271,0.143285
598,3371.5050463365756,113.07181761932372,0.14319
599,3490.0175117131857,120.52035098552705,0.143095
600,3594.8866445044846,131.91299922943116,0.14300000000000002
601,3773.928278810123,109.77192117023468,0.142905
602,3192.7797689434733,137.9842343454361,0.14281
603,2015.000349731868,126.41499468517303,0.142715
604,2214.089176920405,131.77059218502043,0.14262000000000002
605,2201.0493410264944,128.23129073429106,0.142525
606,2752.4448703315798,115.11999580097198,0.14243
607,2615.606634109735,117.03082808113098,0.14233500000000002
608,2688.269202228136,121.54990409088134,0.14224
609,3195.2903472958524,121.12409561634064,0.14214500000000002
610,2977.265004154088,129.55480875492097,0.14205
611,2968.286659701673,131.54418792819976,0.141955
612,2821.5549526111786,140.47994424343108,0.14186
613,2926.720879504471,123.83231639003753,0.141765
614,3229.743207642386,111.01695549106599,0.14167000000000002
615,3123.8408661325457,137.4405388393402,0.141575
616,3142.8494359944034,120.70129190349579,0.14148
617,3115.7840693441094,115.02719167804717,0.141385
618,3171.0075421722336,116.05653239917756,0.14129
619,3250.3176662705214,113.886869099617,0.14119500000000001
620,3422.5083521838674,122.4849395570755,0.1411
621,3426.2300458099335,123.28879303073883,0.141005
622,2748.90794656356,127.52416048908233,0.14091
623,3124.916922124796,120.88084843826294,0.14081500000000002
624,3354.178152238453,110.96403542327882,0.14072
625,365.3389190830682,128.62874933719635,0.140625
626,-200.2134384864035,116.21229095458985,0.14053000000000002
627,3521.521372076232,125.15142356872559,0.140435
628,3864.015709388199,118.13442371845245,0.14034000000000002
629,3344.8367220628743,108.4613280210495,0.140245
630,3513.2242551529644,117.94875445461273,0.14015
631,3689.7674025563724,115.27256436634063,0.140055
632,3653.1515130862977,117.45322203445434,0.13996
633,3626.4478832852815,101.00304337406159,0.13986500000000002
634,3275.419666661371,120.78993108272553,0.13977
635,2979.009856955398,108.12496249103546,0.139675
636,3262.3878790046847,124.58922720909119,0.13958
637,3276.231473601945,112.9775486459732,0.139485
638,3189.032515680233,112.445192445755,0.13939000000000001
639,3182.637217642361,1645336.4243627815,0.139295
640,3345.637032498045,124.84774026489258,0.1392
641,3387.766431684729,121.46635673236847,0.139105
642,3726.386780400597,119.64698369026183,0.13901000000000002
643,-394.4820256502142,145.97117605686188,0.138915
644,3644.222738227012,117.46445726776123,0.13882
645,3513.8914599736786,126.5781633234024,0.13872500000000001
646,3640.5645946331338,123.7952437171936,0.13863
647,1359.7697027929667,108.75003595161438,0.13853500000000002
648,3619.4461407150184,116.03079827976227,0.13844
649,3536.6666060735156,112.89856233596802,0.138345
650,3275.4834880373432,113.46918510627746,0.13825
651,3434.2257116511396,113.22923903656006,0.138155
652,3860.8986888043187,119.11199373912811,0.13806000000000002
653,3488.542577906881,113.42918382263184,0.137965
654,3090.9964221483137,113.80020556545257,0.13787
655,1115.0191733648005,118.91938174819947,0.137775
656,3446.87412100067,111.10702651691437,0.13768000000000002
657,3419.5860071276093,114.6071303100586,0.137585
658,1222.196074626877,110.90341981983185,0.13749
659,3713.8510740948846,106.80185364437104,0.137395
660,3508.6358892735448,115.40861199188232,0.1373
661,3764.94494023948,118.49690214729308,0.13720500000000002
662,3367.6912272281634,118.10686222076416,0.13711
663,3416.5274754753873,115.35535693836212,0.137015
664,3167.4780227607225,120.35748939037323,0.13692000000000001
665,3345.227054890936,113.55964712619782,0.136825
666,3141.8248181027966,112.53763863277435,0.13673000000000002
667,3452.005302174346,108.38278282070159,0.136635
668,3867.37645208341,112.31464906787872,0.13654
669,3696.8888017657473,100.18088676357269,0.136445
670,3884.418443312102,122.56573744010926,0.13635000000000003
671,3675.896525293249,126.42859217739105,0.13625500000000001
672,3611.397680580412,116.7745922241211,0.13616
673,3834.6225118913444,97.98943993186951,0.136065
674,2477.196917546454,109.93308444595337,0.13597
675,892.4727345778695,112.28662826442718,0.13587500000000002
676,2480.5815282250255,111.58188990020751,0.13578
677,1655.4734591753281,102.54413441085815,0.135685
678,3296.0218581085633,115.32394348716736,0.13559
679,400.0567265580539,106.79627858924866,0.135495
680,3479.0091146229197,108.02631783485413,0.13540000000000002
681,3207.1755303081395,124.81076382541656,0.135305
682,2014.8159679770806,115.4013000164032,0.13521
683,2506.8016340069403,111.25091117286682,0.135115
684,683.633712830816,110.55761884403229,0.13502
685,856.8813392947083,115.48523363304137,0.13492500000000002
686,3530.240552209496,121.28190041351318,0.13483
687,3792.3784230241763,111.1958440618515,0.134735
688,3274.89260616111,103.96063972091675,0.13464
689,3974.755362664736,104.82053557109833,0.13454500000000003
690,3464.388681058513,116.37471793937684,0.13445000000000001
691,3331.4983235943096,113.51485411548614,0.134355
692,3778.0897721075976,117.04954883289336,0.13426
693,3777.108793738585,111.88973704528809,0.134165
694,3752.474498514354,103.98696736049652,0.13407000000000002
695,3835.3071379572284,114.83733206367492,0.133975
696,3682.5749545444423,115.59178596687318,0.13388
697,3383.216193020505,108.27278848361969,0.133785
698,2991.4048421715365,126.33762088012695,0.13369
699,3395.0536676387055,125.92454218769073,0.13359500000000002
700,2615.5689440507003,106.53379033756256,0.1335
701,3691.9724897263795,118.0962496585846,0.133405
702,3219.3944321077634,101.3422313337326,0.13331
703,3499.9183300127024,109.73430440044403,0.13321500000000003
704,3495.6486294199726,105.11724750518799,0.13312000000000002
705,3661.2133451837644,109.12180777072906,0.133025
706,3773.2552902619436,108.06334239673615,0.13293
707,2712.8043266887044,115.91691470241547,0.132835
708,3240.716387643421,110.26200108528137,0.13274000000000002
709,3461.003576120255,111.31158223438263,0.132645
710,3732.318140794052,107.23435165596008,0.13255
711,3459.9765650186364,108.10365746212005,0.132455
712,3605.853075675453,114.86610686683655,0.13236
713,3528.926795832043,113.03504895591736,0.13226500000000002
714,3441.1744099538573,115.94469268035888,0.13217
715,1164.6927459740677,127.27020038509369,0.132075
716,3660.7084012325026,109.94426855945588,0.13198000000000001
717,3351.503527883019,111.10862944507599,0.131885
718,448.1434828325246,100.48985123348236,0.13179000000000002
719,3344.0010327584237,118.6168229598999,0.131695
720,3493.9162966920403,112.2340890378952,0.1316
721,1093.7533048195564,118.58247133350372,0.131505
722,46.75945911217945,117.23198556995392,0.13141000000000003
723,1466.286906034498,110.68524848365783,0.13131500000000002
724,2670.0453253810715,90.74320199012756,0.13122
725,1117.3317481848044,103.77218605518341,0.131125
726,3658.6110729026113,111.88765562915802,0.13103
727,3760.08849747162,112.54101031208039,0.13093500000000002
728,3534.375480197369,129.18400737190245,0.13084
729,3987.4159098885248,103.46621891117096,0.130745
730,3973.7747092758314,131.5467231578827,0.13065
731,3613.150426330718,100.93321802902221,0.130555
732,4141.849721514478,108.21960737133026,0.13046000000000002
733,4318.611159560534,112.17090626716613,0.130365
734,4136.825733935632,111.19539991569519,0.13027
735,3148.63885720385,113.72478877544403,0.130175
736,3705.5588989848593,120.3359950799942,0.13008
737,3668.093440630322,111.569213596344,0.12998500000000002
738,3502.533084960948,113.94599409103394,0.12989
739,3448.9200030843713,152.7469154148102,0.129795
740,3685.5729619256576,111.44177667617798,0.1297
741,3471.524185031701,119.71787987327576,0.12960500000000003
742,1051.9940436332208,122.65280169582367,0.12951000000000001
743,3971.0783897554143,108.77282556152343,0.129415
744,4146.930740383563,118.48267174911499,0.12932
745,3024.7203949653504,117.21276190567016,0.129225
746,3809.308498990827,114.63887214565277,0.12913000000000002
747,4017.872211910827,124.5364682264328,0.129035
748,3754.8841848400752,123.52484331417084,0.12894
749,3679.41145316402,106.28478397655488,0.128845
750,3694.8235662072125,121.58566547012329,0.12875
751,4308.048363295179,115.33087312126159,0.12865500000000002
752,3926.7056555169675,124.66565648841858,0.12856
753,4067.276205970404,120.4220606508255,0.128465
754,3748.2452208366776,118.08453279590607,0.12837
755,3934.512521703336,109.48601289367676,0.12827500000000003
756,3939.4945416935984,113.8922288980484,0.12818000000000002
757,4111.392179154977,114.22635178661346,0.128085
758,4065.2986452137584,114.07131579399109,0.12799
759,4032.867227349839,128.26797877311708,0.127895
760,3627.382972377045,109.09755073738098,0.12780000000000002
761,4104.841607710686,121.2311618232727,0.127705
762,4226.094925695743,117.50644515705109,0.12761
763,3884.6157106734217,121.19939589881896,0.127515
764,3943.3697275347513,128.16655779743195,0.12742
765,4348.899588381616,99.71529866027832,0.12732500000000002
766,3711.8609060017743,123.01111459636688,0.12723
767,3596.83969058805,116.06862549591064,0.127135
768,3558.5728824377443,121.55754146575927,0.12704000000000001
769,4021.5717363536332,125.60275716972352,0.126945
770,3894.2789875825492,114.89765607166291,0.12685000000000002
771,4024.888746703623,117.53083896636963,0.126755
772,3891.7111306839656,126.4198592786789,0.12666
773,3749.958232541733,115.98822092914581,0.126565
774,3596.6234135467816,117.23933340930938,0.12647000000000003
775,3427.7720352580445,111.80191117858887,0.12637500000000002
776,3855.313884016718,124.85925678443908,0.12628
777,3574.7734573275047,124.9243814868927,0.126185
778,4165.146896888536,124.5038449048996,0.12609
779,3901.256112377923,111.16591183757782,0.12599500000000002
780,3982.470075624979,119.59911988735199,0.1259
781,4324.081947362404,116.47554191303253,0.125805
782,3675.231643688812,145.05564007472992,0.12571
783,3619.871414860887,127.90802129077912,0.125615
784,3750.752622227746,240.10995079421997,0.12552000000000002
785,3989.929666339472,123.02402173137665,0.125425
786,4095.9049891593036,123.14013052558899,0.12533
787,3764.0745870664036,117.91375770568848,0.125235
788,3820.835111254993,125.40499515151977,0.12514
789,3981.010133152194,119.66852340316773,0.12504500000000002
790,4216.360309374309,123.73025863361359,0.12495
791,3743.196351863862,122.49382481002807,0.12485500000000001
792,4071.9195214803417,128.97581154727936,0.12476000000000001
793,3696.1305701731517,116.36228566551209,0.12466500000000001
794,3601.667083326775,126.35240323638916,0.12457
795,3552.5557494007085,128.68835255146027,0.124475
796,3002.3530632943357,148.7888630332947,0.12438
797,3728.843645287862,119.10274348831177,0.124285
798,3837.077232650174,131.1625774869919,0.12419000000000001
799,3677.390908704241,122.94307408332824,0.12409500000000001
800,4112.930176826643,134.39109035396575,0.12400000000000001
801,4180.533050689161,118.10306552791596,0.123905
802,4022.745460749299,121.12184916210174,0.12381
803,3778.478420432643,130.0624181842804,0.123715
804,3939.5422281620304,128.3771789369583,0.12362000000000001
805,4084.2822742057806,122.77366782569885,0.12352500000000001
806,3985.191949808093,149.5942499361038,0.12343000000000001
807,3672.3115419208457,149.13622745704652,0.123335
808,4508.136575806147,139.7412438993454,0.12324
809,3838.6952175651913,150.59177515602113,0.123145
810,4350.209837211795,136.15127400779724,0.12305
811,3675.480327857887,135.42826587867737,0.12295500000000001
812,3760.6652819906935,141.562261882782,0.12286000000000001
813,3905.8234222844712,135.28535092258454,0.12276500000000001
814,4128.502400517737,126.77911353206635,0.12267
815,3655.9213545298076,140.9861934366226,0.122575
816,3915.1810080742544,131.03934644317627,0.12248
817,3523.1375194816246,140.4376788520813,0.12238500000000001
818,3290.9635233165923,134.61740524673462,0.12229000000000001
819,3408.666116474289,164.973121799469,0.12219500000000001
820,3677.3720824526763,128.06111359405517,0.1221
821,3135.4105723383427,143.94047732639314,0.122005
822,3514.9101392081907,134.7023056821823,0.12191
823,3990.205941446652,147.76258142852782,0.121815
824,3904.6924389464352,137.3535506629944,0.12172000000000001
825,4064.2029368398726,141.92122920799255,0.12162500000000001
826,3874.875878008938,125.80343671607972,0.12153000000000001
827,3956.991416931082,136.65294968032836,0.121435
828,3775.2978194999496,137.20053835487366,0.12134
829,3821.5931563612244,180.9299165277481,0.121245
830,3246.845003014886,307.26334762763975,0.12115000000000001
831,3754.3918020756237,157.42162699127198,0.12105500000000001
832,3769.3762648510333,152.69714956665038,0.12096000000000001
833,4006.5216352121347,154.93618563652038,0.120865
834,4137.549081704198,140.16333041000365,0.12077
835,4179.8630998658655,143.8111080226898,0.120675
836,3988.7468053430657,159.1598870944977,0.12058
837,3996.265362009896,181.64347564697266,0.12048500000000001
838,3941.081611678708,134.1106687297821,0.12039000000000001
839,4282.2833091136645,144.99227157592773,0.12029500000000001
840,4141.373199953172,170.4416192150116,0.1202
841,3696.606747413991,156.25700412845612,0.120105
842,3337.2077538615113,150.8006713514328,0.12001
843,3918.89947441149,152.88093910884857,0.11991500000000001
844,4057.68511097069,144.88026093387603,0.11982000000000001
845,3627.386732861443,151.8117132663727,0.11972500000000001
846,4026.226892828594,156.49552740097045,0.11963
847,3474.5445451064147,160.01308287143706,0.119535
848,4183.359229166232,154.29204990291595,0.11944
849,4165.580865197426,140.12344014549257,0.119345
850,4143.268574175054,166.3779755601883,0.11925000000000001
851,4453.077309214801,159.99145895290374,0.11915500000000001
852,3943.752020291009,147.71228023433684,0.11906000000000001
853,4144.51051005036,139.5191055164337,0.118965
854,3650.9409008487687,156.1607153787613,0.11887
855,4163.459105527905,145.0892156829834,0.118775
856,4214.520533764763,150.78167443466185,0.11868000000000001
857,4045.2390271404533,165.53345278549193,0.11858500000000001
858,3903.213110596252,149.4308923816681,0.11849000000000001
859,4305.893118770439,160.51947209072114,0.118395
860,3947.393869978409,144.51450098133088,0.1183
861,4676.906541004182,133.7133464460373,0.118205
862,4149.221170661119,155.57828595256805,0.11811
863,4119.660148559647,155.71505948257447,0.11801500000000001
864,4453.014262390458,155.2285988740921,0.11792000000000001
865,4593.367200250279,136.696474606514,0.11782500000000001
866,3154.6678489010624,153.94898776054382,0.11773
867,3330.9310506311767,156.36673157978058,0.117635
868,3828.0058179739535,160.71469065475463,0.11754
869,4446.22765669631,165.2911596031189,0.11744500000000001
870,4212.5030038302075,156.75670328330995,0.11735000000000001
871,4059.344167512,160.5174780330658,0.11725500000000001
872,4298.191505233847,149.43356124305726,0.11716
873,4517.547406059408,153.10864553833008,0.117065
874,4173.299535615812,156.4870435361862,0.11697
875,4297.609643680793,157.96206369972228,0.116875
876,4205.90598626489,154.5551445903778,0.11678000000000001
877,3731.778921220782,175.97078143692016,0.11668500000000001
878,4382.774293154107,159.42791468524933,0.11659000000000001
879,3914.061536101298,153.02832906341553,0.116495
880,4528.596915597985,158.36298352718353,0.1164
881,3934.568286768203,137.62201581954957,0.116305
882,4731.4362091833245,153.16601063728334,0.11621000000000001
883,4367.663919605549,159.5855524864197,0.11611500000000001
884,3655.944945594367,151.1232364282608,0.11602000000000001
885,4352.470274009395,159.7200899629593,0.115925
886,4343.230824235101,152.99263153266907,0.11583
887,4335.74157923145,156.15614894676207,0.115735
888,3671.5531001709314,154.75276880836486,0.11564
889,4593.856919503343,157.6045787973404,0.11554500000000001
890,4691.880079714834,161.17103253364564,0.11545000000000001
891,4205.6111506576235,147.63894910240174,0.11535500000000001
892,4457.034889656689,148.96937699508666,0.11526
893,4327.370125430184,161.31199175834655,0.115165
894,4528.096106018951,163.81353693199156,0.11507
895,4420.95281557839,166.0573904647827,0.11497500000000001
896,4292.751056738972,171.67162739753724,0.11488000000000001
897,4442.539011072736,160.8964995212555,0.11478500000000001
898,4283.808729174694,156.37206290626526,0.11469
899,4293.632180749847,160.92345475387575,0.114595
900,4431.117041098953,203.19354956245422,0.1145
901,3771.2026386200105,163.05146782302856,0.114405
902,4163.958401850052,166.33225448799132,0.11431000000000001
903,4025.431255598218,169.44056947898864,0.11421500000000001
904,4444.070118387521,165.4011968460083,0.11412000000000001
905,4226.999116105335,141.0554027338028,0.114025
906,4673.124515252596,158.43749695968629,0.11393
907,3362.478131472611,165.65657405853273,0.113835
908,3318.8592537020018,143.04922998046874,0.11374000000000001
909,3470.0723587239886,153.33834874534608,0.11364500000000001
910,687.5102621426169,156.4156652812958,0.11355000000000001
911,3819.7457318850643,165.58222010231017,0.113455
912,3628.0972934357774,169.002603430748,0.11336
913,3877.661395892037,184.41631936454772,0.113265
914,3745.824957363925,147.9390534324646,0.11317
915,4184.600050112994,172.64510980415344,0.11307500000000001
916,21.41637651672975,157.58648461151122,0.11298000000000001
917,4544.030474751379,164.8916145143509,0.11288500000000001
918,4121.914553562669,154.91533446598052,0.11279
919,3829.4908125111942,163.3141977300644,0.112695
920,3945.0641462858034,177.1171489467621,0.1126
921,4326.205791228522,149.79801371383667,0.11250500000000001
922,3897.8027027720746,193.67124230384826,0.11241000000000001
923,3869.173880154992,146.29562106132508,0.11231500000000001
924,3843.969002991485,157.9861517829895,0.11222
925,4148.213909448913,179.16986629772185,0.112125
926,4002.305569751987,239.4893960609436,0.11203
927,3899.0348538820335,158.11297124290465,0.111935
928,4271.894850399568,309.14477564430234,0.11184000000000001
929,3831.770387398314,182.05483953094483,0.11174500000000001
930,3888.176408961018,165.84131332397462,0.11165000000000001
931,4273.156018939123,166.15682890510558,0.111555
932,4104.383397443405,149.4708988494873,0.11146
933,4063.04363171906,170.93969802856446,0.111365
934,4435.79213925634,170.2365957069397,0.11127000000000001
935,4090.5567518047947,171.24645586395263,0.11117500000000001
936,4384.783365676021,170.66527276802063,0.11108000000000001
937,3968.737155841148,181.24388554096222,0.110985
938,3812.187382126928,155.357285861969,0.11089
939,3474.514383545519,164.92646044158934,0.110795
940,3435.4907755997883,161.44529460048676,0.1107
941,3872.77937949471,166.06088200092316,0.11060500000000001
942,3822.5560119794122,174.95543736457824,0.11051000000000001
943,4013.926651262245,166.91610212802888,0.110415
944,4289.748209421964,167.22091025924684,0.11032
945,4558.2464950406065,157.47397019004822,0.110225
946,4225.581068198755,152.2763550376892,0.11013
947,4267.492161447155,244.52497255516053,0.11003500000000001
948,4365.496631056376,159.7110977306366,0.10994000000000001
949,4031.1304384603823,179.26850111579895,0.10984500000000001
950,4642.046444590521,150.5271237668991,0.10975
951,4092.8323517072445,177.46725222587585,0.109655
952,4570.23487398195,168.09261646175383,0.10956
953,4646.9778889003455,156.7894337120056,0.109465
954,4403.136488505272,184.23291593551636,0.10937000000000001
955,4670.956217501298,174.92514522075652,0.10927500000000001
956,4059.3279711391124,160.3510077056885,0.10918
957,4573.921546402761,180.7183858394623,0.109085
958,4365.187660194133,159.6432764186859,0.10899
959,4413.6710654131975,172.35447074317932,0.108895
960,4377.16625837312,177.99495347023012,0.10880000000000001
961,4226.597376602102,162.94713347244263,0.10870500000000001
962,2079.088041113603,185.9155985927582,0.10861000000000001
963,4747.567371517402,195.43819743824005,0.108515
964,4581.679423201283,175.92165461540222,0.10842
965,4529.348014466836,168.00823554134368,0.108325
966,4641.02770417385,174.6081639518738,0.10823
967,4689.926003155621,177.83263603115083,0.10813500000000001
968,4545.560141350884,168.12122161102295,0.10804000000000001
969,4566.466003761305,185.68190804100036,0.107945
970,4204.874212127175,182.45150264930726,0.10785
971,4023.239443900083,191.92907380199432,0.107755
972,3990.052782905242,192.4141529865265,0.10766
973,4498.553120552299,192.60201461696624,0.10756500000000001
974,4485.273357860293,177.380467710495,0.10747000000000001
975,4179.858475740772,171.50068675136566,0.10737500000000001
976,4118.084780249988,177.46046697998048,0.10728
977,4046.208892660404,177.25256351566316,0.107185
978,4195.732237815635,177.59832660484315,0.10709
979,4162.767681793447,191.80972734546663,0.106995
980,3912.61660319461,188.24629009628296,0.10690000000000001
981,4315.153908193504,177.39620717716218,0.10680500000000001
982,4505.584790589302,174.32820887184144,0.10671
983,4516.806225042353,185.89897327041626,0.106615
984,4454.458123608517,183.20036428260804,0.10652
985,4593.851721865275,181.5021279745102,0.106425
986,4592.114084335638,182.6584518957138,0.10633000000000001
987,4200.354769546678,176.04972777843474,0.10623500000000001
988,4339.969658212544,176.56387166786195,0.10614000000000001
989,4220.922965790272,177.82771431350707,0.106045
990,4365.5026729935225,172.93891067409515,0.10595
991,4481.005668713721,185.76536626243592,0.105855
992,3639.2579206659925,206.50977307891847,0.10576
993,3545.3387652326833,199.1618334197998,0.10566500000000001
994,4019.0277537777715,187.62302818107605,0.10557000000000001
995,4255.083505375402,170.7200206489563,0.105475
996,4288.126788747472,162.39562850570678,0.10538
997,4258.600248460675,192.67720253372192,0.105285
998,4289.207725519475,194.9497520713806,0.10519
999,3916.684785874022,186.66166718292237,0.10509500000000001
1000,4083.164433361333,183.07819467926026,0.10500000000000001
1001,4130.69831725982,189.26964974594117,0.10490500000000001
1002,4322.237388745483,199.79590847015382,0.10481
1003,3972.589105044931,195.4736733608246,0.104715
1004,4163.13788803842,174.75347483634948,0.10462
1005,4219.389816777981,165.30953528213502,0.104525
1006,4467.082126139699,192.56939652061462,0.10443000000000001
1007,4568.131961582502,178.0482832736969,0.10433500000000001
1008,4263.302763594385,181.25400144958496,0.10424
1009,4250.306831587961,178.7796459274292,0.104145
1010,4547.245295608145,166.62211457252502,0.10405
1011,4746.73072646793,174.65216071510315,0.103955
1012,4066.008029306474,186.73556126594542,0.10386000000000001
1013,4494.532985083968,202.86861745548248,0.10376500000000001
1014,4378.148788107578,165.1521673641205,0.10367000000000001
1015,4214.172114183043,181.40299424171448,0.103575
1016,3975.7853726023686,199.2047285709381,0.10348
1017,3787.011977418397,179.34087513923646,0.103385
1018,3714.735986385103,187.91933145999909,0.10329
1019,4091.8622783115516,176.07089853668214,0.10319500000000001
1020,3062.7307616268113,182.40159476089477,0.10310000000000001
1021,3687.073209197832,171.79170411682128,0.103005
1022,4300.576866720916,170.76567751312257,0.10291
1023,4418.9587120394135,190.37594248008728,0.102815
1024,4611.757530884522,171.6065029773712,0.10272
1025,4422.997553963378,194.90663879585267,0.10262500000000001
1026,3884.917850084199,167.23837133026123,0.10253000000000001
1027,4349.813721265755,182.23973320198058,0.10243500000000001
1028,3668.2903266527896,180.10878991508483,0.10234
1029,3478.928574133447,199.84750385475158,0.102245
1030,3506.3715631646137,158.01710115814208,0.10215
1031,4136.482827079138,188.87000377082825,0.102055
1032,3524.8777827959866,170.29565233993532,0.10196000000000001
1033,3827.09123846128,177.6626234550476,0.10186500000000001
1034,3954.038712768883,170.60613912582397,0.10177
1035,4443.187045749197,213.537997549057,0.101675
1036,3965.7018066592545,174.44954282379152,0.10158
1037,3845.2716008066977,193.56279638671876,0.101485
1038,4240.603641614983,191.64527485466004,0.10139000000000001
1039,4007.047627584155,182.693526845932,0.10129500000000001
1040,4323.51221924392,175.52437699699402,0.10120000000000001
1041,4065.690169758652,177.55762321281432,0.101105
1042,4090.1723757908553,179.79616811561584,0.10101
1043,4286.8905728246555,175.95417344093323,0.100915
1044,3701.1542243557456,183.02936512756347,0.10082
1045,2069.826723980384,197.19636045455934,0.10072500000000001
1046,3871.2858723259315,175.30321334838868,0.10063000000000001
1047,3984.823592448341,170.2784923057556,0.100535
1048,3771.26347355474,295.3291724128723,0.10044
1049,3523.2734223180664,191.53792860603332,0.100345
1050,3553.1620958610306,190.76372831344605,0.10025
1051,3818.2217436343813,161.0401747570038,0.10015500000000001
1052,4092.2442946087554,159.2026542930603,0.10006000000000001
1053,3319.380473138062,173.79955752182008,0.09996500000000001
1054,3609.776430933474,171.28865794563293,0.09987
1055,4012.2296524682424,163.73867743873595,0.099775
1056,3939.0498605123344,192.31686408996583,0.09968
1057,4250.079461199617,188.15494745445253,0.099585
1058,3770.751262567553,662.584701089859,0.09949000000000001
1059,3734.6078041583232,180.8922306289673,0.09939500000000001
1060,3197.87485687012,167.01409818649293,0.0993
1061,3013.2845939778535,183.3319101448059,0.099205
1062,3983.9219230497447,167.89574926948546,0.09911
1063,3790.256320673388,168.75450363922118,0.099015
1064,3902.4299915604593,192.4930171394348,0.09892000000000001
1065,4059.507079332786,184.22755688476562,0.09882500000000001
1066,3751.154038882811,191.54981782913208,0.09873000000000001
1067,4054.2653644305938,189.97558882522583,0.098635
1068,3949.8175489963846,187.05365714645384,0.09854
1069,3782.8488035579458,170.3404999332428,0.098445
1070,4141.90828285738,173.74228694343566,0.09835
1071,4081.639080450368,174.925295879364,0.09825500000000001
1072,4059.5561865275645,166.25324459075927,0.09816000000000001
1073,4002.8369686176093,175.03259403038024,0.098065
1074,4153.423359612055,193.5121866874695,0.09797
1075,4231.341574382785,156.7498174571991,0.097875
1076,4162.419467808909,173.9734995880127,0.09778
1077,4217.018254005581,182.5773116054535,0.09768500000000001
1078,4014.181637103393,178.3813212146759,0.09759000000000001
1079,3779.8634860277357,161.58282513618468,0.09749500000000001
1080,2987.0796229852676,166.30687920188905,0.0974
1081,3796.1031058017898,179.69880548095702,0.097305
1082,3621.3454634849772,193.46707919311524,0.09721
1083,4003.711632048548,181.47380227661134,0.097115
1084,3933.8516783639666,181.39426704597474,0.09702000000000001
1085,3566.3215015313035,188.721204328537,0.09692500000000001
1086,3476.962778256589,173.38581068229675,0.09683
1087,3285.6970443599116,174.16281043434142,0.096735
1088,3811.224752823952,365.08702021408084,0.09664
1089,3365.075854994216,157.75471592140198,0.096545
1090,163.18446326334617,177.1224245033264,0.09645000000000001
1091,3083.9751998457923,197.3708127307892,0.09635500000000001
1092,3349.7860490849353,182.10074683380128,0.09626000000000001
1093,4058.747118849121,174.84396137428283,0.096165
1094,3914.204946433056,174.70527953720094,0.09607
1095,574.4109856260694,147.62684301567077,0.095975
1096,3389.7231085544436,164.8158711566925,0.09588
1097,-299.4993660981671,167.01710010528564,0.09578500000000001
1098,3523.3173598991607,182.70326630592345,0.09569000000000001
1099,3439.4715120875667,162.70857044219971,0.095595
1100,3708.40665952105,182.7998143901825,0.0955
1101,3643.6312681294926,174.144149312973,0.095405
1102,4362.468635014883,168.07451619529724,0.09531
1103,3916.8689590307768,167.55812397384645,0.09521500000000001
1104,3861.880026929941,185.2913251285553,0.09512000000000001
1105,3952.4539912338946,172.191567905426,0.09502500000000001
1106,4055.1062126433267,174.5445829772949,0.09493
1107,3564.7784716929586,174.82608286094666,0.094835
1108,3924.372940277312,188.10864581680298,0.09474
1109,3131.234986752389,171.32507438850402,0.094645
1110,202.38821157389722,166.90214476203917,0.09455000000000001
1111,10.01860486140057,182.72841753673555,0.09445500000000001
1112,3652.8567165625436,176.65608627700806,0.09436
1113,2779.509163625297,171.70330842590332,0.094265
1114,3895.9105339036705,169.14285213661194,0.09417
1115,3322.3022000261726,179.8195464448929,0.094075
1116,2348.7285407359304,169.83405821990968,0.09398000000000001
1117,3017.857541210326,170.2641026649475,0.09388500000000001
1118,2897.0276258411186,189.8601509742737,0.09379
1119,2228.5664374396347,177.1460820045471,0.093695
1120,3021.2330778653672,184.1034718761444,0.0936
1121,3715.7727883153266,176.77661638832092,0.093505
1122,3708.408260094073,161.87327513504027,0.09341
1123,4031.4483252730374,180.72724367332458,0.09331500000000001
1124,3971.347753532509,174.67878463363647,0.09322000000000001
1125,1682.8483028814906,179.02623108482362,0.093125
1126,3769.8502637912243,172.56105852508546,0.09303
1127,3503.9058608682317,162.6896444683075,0.092935
1128,1252.986468730717,191.47324465942384,0.09284
1129,3648.835914737969,167.95887384605408,0.09274500000000001
1130,3904.6151387340788,171.3117364692688,0.09265000000000001
1131,3533.7260354281343,181.08758937263488,0.092555
1132,3095.2713156374407,167.75055936050416,0.09246
1133,3497.354247259042,162.21965109443664,0.092365
1134,4036.221465904615,177.64037017440796,0.09227
1135,3859.115810511871,158.28804952430724,0.092175
1136,4391.283124669232,159.2546065864563,0.09208000000000001
1137,4443.28992363959,167.29863979911804,0.09198500000000001
1138,4193.053807322778,176.7068302936554,0.09189
1139,3958.37456411683,176.8646494178772,0.091795
1140,3780.0575834628526,182.19292776107787,0.0917
1141,3601.543654520631,166.12739907646178,0.091605
1142,3820.0047197336444,181.10697049713136,0.09151000000000001
1143,4325.584010505545,167.51406723403932,0.09141500000000001
1144,3777.0656131690266,155.86318772125244,0.09132
1145,2288.449732613491,271.0341750602722,0.091225
1146,3731.077157875802,165.23792042541504,0.09113
1147,4024.8122913986554,165.66222748565673,0.091035
1148,3678.4982162771953,159.97216306686403,0.09094000000000001
1149,4096.537720328471,176.1531269683838,0.09084500000000001
1150,3702.5569011290186,168.50994310760498,0.09075000000000001
1151,4022.6086328416604,175.82077449417113,0.090655
1152,4077.582709757181,178.32717784881592,0.09056
1153,3761.1536905481776,174.7616384601593,0.090465
1154,3980.3667734054034,168.44301892852783,0.09037
1155,3947.390297401579,190.71900991630554,0.09027500000000001
1156,4112.0586512416785,165.16612608146667,0.09018000000000001
1157,4161.102723155244,163.27740000534058,0.090085
1158,4195.639888971736,176.80456674003602,0.08999
1159,3778.627994119625,169.71026772117614,0.089895
1160,670.1171374497152,166.47994260787965,0.0898
1161,3916.8927359820145,164.6296661453247,0.08970500000000001
1162,4186.828214022213,159.32969505500793,0.08961000000000001
1163,4006.8890161161225,167.5735474472046,0.08951500000000001
1164,3941.280903435948,170.25564879226684,0.08942
1165,3858.149871651232,161.31564107513427,0.089325
1166,3405.9296963214915,168.983725151062,0.08923
1167,3220.4569808989568,181.45454866981507,0.089135
1168,3990.167823377591,164.96567940330505,0.08904000000000001
1169,4533.581629858507,179.02952925682067,0.08894500000000001
1170,3974.4167244272403,157.79363427734376,0.08885
1171,3833.894225597718,169.9029152469635,0.088755
1172,3762.50414875383,161.2305507144928,0.08866
1173,3862.2918320846825,167.23008375549315,0.088565
1174,4286.397669766387,168.43424733161928,0.08847000000000001
1175,4016.685816786612,162.66551171302797,0.08837500000000001
1176,3795.6883318356095,147.32397700119017,0.08828000000000001
1177,3065.9528039893726,157.66049010086059,0.088185
1178,3190.8982651004617,157.70570322990417,0.08809
1179,2918.6403435657658,141.36477930641175,0.087995
1180,3771.2399379053354,160.37246236991882,0.0879
1181,4011.4654203580953,165.57822617530823,0.08780500000000001
1182,4362.20125137057,167.32972119903565,0.08771000000000001
1183,4007.12779878162,145.81064141082763,0.087615
1184,3835.8493232109327,155.75281237602235,0.08752
1185,4084.8970598450414,181.6249139842987,0.087425
1186,4577.822354590552,154.58698664855956,0.08733
1187,4525.054094298058,142.2016747970581,0.08723500000000001
1188,4051.3403327720225,167.6359422340393,0.08714000000000001
1189,4269.364903752976,154.29082886314393,0.08704500000000001
1190,4310.246707444829,156.92873973464967,0.08695
1191,4418.8556504596,158.34291500473023,0.086855
1192,3938.134934774918,155.07876879501342,0.08676
1193,2257.3768252510004,167.76086919403076,0.086665
1194,4124.679230622595,156.98587931442262,0.08657000000000001
1195,3978.656973918816,175.13114634513855,0.08647500000000001
1196,4455.281256436173,153.29287087821962,0.08638
1197,4664.782410697867,164.3166235179901,0.086285
1198,4459.041590671466,142.27411911582948,0.08619
1199,4383.521440152555,147.86179270362854,0.086095
1200,4361.47491165794,162.59956588745118,0.08600000000000001
1201,4728.503078586494,173.43185285568237,0.08590500000000001
1202,4305.9133301843995,169.8352504081726,0.08581000000000001
1203,4062.6581257541006,167.86853593826294,0.085715
1204,4064.8981188486914,164.76344148254395,0.08562
1205,3775.591881246698,143.71779546546935,0.085525
1206,3920.9053368630175,148.68019025039672,0.08543
1207,3604.6897735399775,147.4676110420227,0.08533500000000001
1208,3988.9201660376384,174.16781272506714,0.08524000000000001
1209,3680.556169618105,157.3560054244995,0.085145
1210,4045.099700326494,252.86162379074096,0.08505
1211,3473.173023241837,159.26197080039978,0.084955
1212,4001.392671669355,166.91511951446535,0.08486
1213,3935.912506191914,153.9759891986847,0.08476500000000001
1214,4012.2510206839543,162.6188765258789,0.08467000000000001
1215,3868.361951753664,171.82904317474365,0.08457500000000001
1216,4048.2175414859307,166.67911693572998,0.08448
1217,4061.7657489289386,144.53815321159362,0.084385
1218,3749.6626644354383,256.6861766281128,0.08429
1219,3516.5047237522494,164.1493835144043,0.084195
1220,4145.659075336295,149.36578963088988,0.08410000000000001
1221,4015.488991111025,157.7357319755554,0.08400500000000001
1222,4302.725900635942,159.06040922355652,0.08391
1223,4001.756813230105,159.06951813888548,0.083815
1224,4211.715072114721,150.17328611564636,0.08372
1225,3673.722021698933,178.31552734184265,0.083625
1226,4226.195602072515,156.9419121875763,0.08353000000000001
1227,3922.5225164839467,165.16624775123597,0.08343500000000001
1228,4181.4085698164145,156.8423998260498,0.08334000000000001
1229,3638.216832902656,159.9149725894928,0.083245
1230,3375.6824881299626,155.47451574897767,0.08315
1231,4358.436469603234,149.43640936088562,0.083055
1232,3636.219596812194,153.83757796669008,0.08296
1233,4019.748648478671,171.80399921798707,0.08286500000000001
1234,4109.447587930819,155.6783464794159,0.08277000000000001
1235,4191.336099821991,160.34674886894226,0.082675
1236,3588.1267314439133,139.83901238059997,0.08258
1237,3772.067006507483,152.69951021003723,0.082485
1238,4118.507123827105,152.23085841751097,0.08239
1239,3716.2008338243545,170.96126605415344,0.08229500000000001
1240,3618.8473085342935,145.9219916934967,0.08220000000000001
1241,4304.49945206025,162.16880055999755,0.08210500000000001
1242,3748.9027805749,165.7756009578705,0.08201
1243,4015.275029360812,171.62383054351807,0.081915
1244,4602.29345695378,161.9945460510254,0.08182
1245,4515.124123880093,163.23072717666625,0.081725
1246,4516.598130816041,10731.49117745018,0.08163000000000001
1247,3827.6052532525,167.79384412574768,0.08153500000000001
1248,3346.0953153056757,166.72898154830932,0.08144
1249,4021.405637600736,184.1172508907318,0.081345
1250,4071.1623166705626,175.71963363456726,0.08125
1251,4670.313948874359,167.51507150268554,0.081155
1252,4571.662106398115,162.84056690216065,0.08106000000000001
1253,4349.88879386432,171.64085019493103,0.08096500000000001
1254,4493.112410798634,163.7271242237091,0.08087000000000001
1255,4803.4204707836325,152.49895855140687,0.080775
1256,4591.411382132195,170.36998325920106,0.08068
1257,4441.993980472203,161.75262020111083,0.080585
1258,4349.3148754388585,157.73188311386107,0.08049
1259,4163.216320718877,188.223520778656,0.08039500000000001
1260,4123.163245025786,178.49671990394592,0.08030000000000001
1261,4017.7597520397985,164.20732016944885,0.080205
1262,4161.901650133574,180.42639548683167,0.08011
1263,4137.337196400608,177.32547883796693,0.080015
1264,3908.1450512514343,170.4328676071167,0.07992
1265,4566.200008539468,160.96267747497558,0.07982500000000001
1266,4267.613582417356,176.56856811523437,0.07973000000000001
1267,4214.099086512501,166.4349065799713,0.07963500000000001
1268,4509.034979979335,164.8268906917572,0.07954
1269,3788.7946417961225,166.51345460128783,0.079445
1270,3211.5254529150366,160.97093991470337,0.07935
1271,3445.121915523924,187.53753553009034,0.079255
1272,4274.704894486466,170.89999201965333,0.07916000000000001
1273,4007.4937428037993,161.38484330940247,0.07906500000000001
1274,3535.786147345545,179.05805269050597,0.07897
1275,3981.8803013990355,185.59251230621337,0.078875
1276,4184.800134183431,163.60660199165343,0.07878
1277,4333.883576009668,174.67607023429872,0.078685
1278,4220.72579555232,157.52207452964782,0.07859000000000001
1279,3308.48674865823,169.6578500289917,0.07849500000000001
1280,4192.647851971147,170.28505122947692,0.0784
1281,4532.757714192367,174.16817110061646,0.078305
1282,4227.536038772635,167.6751228904724,0.07821
1283,4295.553670502734,170.7635824508667,0.078115
1284,4375.776034128584,171.77078412055968,0.07802
1285,4297.883180203438,180.01702952003478,0.07792500000000001
1286,4401.045936108494,175.36559765625,0.07783000000000001
1287,4177.9379140494475,156.50322779464722,0.077735
1288,3925.7592452720273,161.3400530872345,0.07764
1289,4098.248747242255,178.90729307937622,0.077545
1290,3715.7629925684373,188.2569635334015,0.07745
1291,3055.149890654852,152.2479667568207,0.07735500000000001
1292,3742.882869405702,164.8148708000183,0.07726000000000001
1293,3699.4772643538554,178.99019733810425,0.077165
1294,3671.7126038690326,168.97247363471985,0.07707
1295,4531.747542778973,173.57925018119812,0.076975
1296,4017.837238710387,168.7499032764435,0.07688
1297,4206.631918500694,160.94911315536498,0.076785
1298,4232.550292642812,175.79028358078003,0.07669000000000001
1299,4182.696041451767,169.10663564300538,0.07659500000000001
1300,4235.220560938362,182.53781171989442,0.0765
1301,4669.900178193192,181.7469228954315,0.076405
1302,4142.414128212037,163.0594599685669,0.07631
1303,4209.788189554197,177.09835307884217,0.076215
1304,4427.212397891135,167.00491764068605,0.07612000000000001
1305,4435.642994754687,186.81640221214295,0.07602500000000001
1306,4683.881594594611,181.15590166473388,0.07593
1307,4562.373439000919,168.81595233535768,0.075835
1308,4879.371532633875,161.219782995224,0.07574
1309,5051.983947038615,169.06895215415955,0.075645
1310,4859.9387867413225,167.70087023735047,0.07555
1311,4687.916280799836,186.3814328174591,0.07545500000000001
1312,4465.667798428976,196.50220529747008,0.07536000000000001
1313,4330.606450021899,170.65659796142577,0.075265
1314,4302.465825834604,181.8550228023529,0.07517
1315,4048.1451123208312,182.3828971862793,0.075075
1316,4589.492036155767,186.31094132041932,0.07497999999999999
1317,4415.495015487241,175.38994720840455,0.07488500000000001
1318,4231.722856029038,179.49454788589478,0.07479
1319,4245.462666727582,204.6656267528534,0.07469500000000001
1320,4012.167657763365,176.8767852191925,0.0746
1321,3745.942100727921,189.11739237594605,0.07450500000000002
1322,3864.6920814744562,172.70305656623842,0.07441
1323,4367.373172073955,183.42620295906067,0.07431499999999999
1324,4275.671061819598,642.8602694625854,0.07422000000000001
1325,4136.081429606518,191.6344962978363,0.074125
1326,4266.233641926804,186.59349735450743,0.07403000000000001
1327,4485.386272377215,184.79538644218445,0.073935
1328,4112.999480905289,178.8399352455139,0.07384000000000002
1329,4446.550438179127,174.13478294181823,0.073745
1330,4396.9817386446775,186.64984196281432,0.07365
1331,4485.677690743035,208.69357356452943,0.07355500000000001
1332,4532.4943869840345,181.1730825958252,0.07346
1333,4163.062278144222,167.30765509796143,0.07336500000000001
1334,4487.4465567360285,171.99177695655823,0.07327
1335,4489.613394620615,231.24210473251344,0.07317500000000002
1336,4246.404228847083,192.28616578483582,0.07308
1337,4152.730509870901,181.77828414916993,0.072985
1338,3893.503600209684,173.85901943969728,0.07289000000000001
1339,4455.659556791143,183.63820277023316,0.072795
1340,4698.860551371319,190.15112639808655,0.07270000000000001
1341,4590.09199229782,188.91740496444703,0.072605
1342,4301.638634612272,180.1568153476715,0.07250999999999999
1343,4249.138212275027,181.96627417755127,0.07241500000000001
1344,4403.208827359109,186.00687065315248,0.07232
1345,4326.797484899396,180.72500436019897,0.07222500000000001
1346,4374.1520367416,204.61361373901366,0.07213
1347,2761.739336872156,188.97602555656434,0.07203500000000002
1348,2381.04914856383,192.45311850357055,0.07194
1349,4355.93120219933,192.75835316467285,0.07184499999999999
1350,292.228115504363,199.3003810596466,0.07175000000000001
1351,4350.668728802808,169.21937107658385,0.071655
1352,3928.6797966402273,199.38237070465087,0.07156000000000001
1353,4384.441759966189,169.69212347793578,0.071465
1354,4021.9303455566424,205.34902866744994,0.07137000000000002
1355,603.0524768329304,187.45864187431334,0.071275
1356,4449.357914174462,192.60465209579468,0.07118
1357,4308.96943579404,197.1365904750824,0.07108500000000001
1358,2434.4253905283103,187.00538582229615,0.07099
1359,4601.993439767779,185.56962693214416,0.07089500000000001
1360,4665.219978722324,202.82485621643067,0.0708
1361,1517.25905203209,178.62102610397338,0.07070500000000002
1362,-544.8847876224356,181.93574850654602,0.07061
1363,3727.5222906923814,197.9277381286621,0.070515
1364,-734.9180365563323,200.66091909217835,0.07042000000000001
1365,-718.2658213537597,204.24933731651305,0.070325
1366,3826.229268314837,181.87452403259277,0.07023000000000001
1367,4181.206017999695,189.7758134651184,0.070135
1368,-485.0407385852154,188.44069704055786,0.07003999999999999
1369,-429.39223783716716,190.05049231529236,0.06994500000000001
1370,-44.94749816417331,194.77247596740722,0.06985
1371,4455.733116804468,190.70632925224305,0.06975500000000001
1372,4408.21755634122,199.41756315612793,0.06966
1373,3842.2209011140053,197.40886329460145,0.06956500000000002
1374,534.714531973304,189.4278097038269,0.06947
1375,3103.1789255917893,212.5901490497589,0.06937499999999999
1376,3044.894793160292,190.44289848518372,0.06928000000000001
1377,437.991325140702,182.5749093914032,0.069185
1378,3749.29032809347,179.26235966682435,0.06909000000000001
1379,3936.27853858209,194.99469502449037,0.068995
1380,3895.9874078816592,190.75952495765685,0.06890000000000002
1381,3980.627865816721,198.8325678920746,0.068805
1382,3802.7620602065417,192.87663206672667,0.06871
1383,3755.2823199846403,194.87930943870543,0.06861500000000001
1384,4112.113331511011,190.61713193702698,0.06852
1385,3864.6779054384165,186.41341292381287,0.06842500000000001
1386,3589.366689279561,197.58792411613464,0.06833
1387,3705.825378885465,190.47614571380615,0.06823499999999999
1388,3755.684075032288,195.0893112678528,0.06814
1389,4391.90896048973,191.74989589500427,0.068045
1390,4207.834780550991,200.73581727218627,0.06795000000000001
1391,4609.048329728383,202.57311125946046,0.067855
1392,4116.8685115908065,194.04463721466064,0.06776000000000001
1393,3668.975600105988,177.12627270317077,0.067665
1394,4747.489541549609,183.5208831138611,0.06756999999999999
1395,4023.909208373664,224.69765252685548,0.06747500000000001
1396,3844.6865173301617,193.91993813896178,0.06738
1397,3907.064054617881,189.5457608909607,0.06728500000000001
1398,4180.9127451395925,186.31513172912597,0.06719
1399,4156.018918598309,200.83834511184693,0.06709500000000002
1400,3971.902541202447,212.73700715446472,0.067
1401,3942.738588577781,210.16560158729553,0.06690499999999999
1402,4533.662303767841,186.5094240398407,0.06681000000000001
1403,4023.8465924855136,175.5405862751007,0.066715
1404,4761.752352715367,183.81087854957582,0.06662000000000001
1405,4506.577152111097,182.66814990615845,0.066525
1406,4253.869278499364,199.74837683677674,0.06643000000000002
1407,4382.016370345809,209.535000371933,0.066335
1408,4048.790455516742,193.91023468780517,0.06624
1409,3923.03120314788,181.3845961265564,0.06614500000000001
1410,4090.2624046296714,201.98432639312745,0.06605
1411,3911.118678761519,187.91723833465576,0.06595500000000001
1412,4111.427080813574,185.91654007339477,0.06586
1413,2019.740738756806,180.67380643081665,0.06576499999999999
1414,3458.8803392077484,180.0835311279297,0.06567
1415,3445.334590140658,192.0557604122162,0.065575
1416,3973.8285301484525,180.2391652622223,0.06548000000000001
1417,4390.526013447283,188.5532257118225,0.065385
1418,4116.252856801777,181.72967342948914,0.06529000000000001
1419,3820.5908772777507,189.77011654663085,0.065195
1420,3715.2031816922777,188.2863195667267,0.06509999999999999
1421,4205.571069198553,213.75891382789612,0.06500500000000001
1422,4293.957878340387,188.35205568122865,0.06491
1423,3680.0600502962607,187.423638507843,0.06481500000000001
1424,3952.9900751139467,198.05162125968934,0.06472
1425,3049.4254976972215,191.81508427047729,0.06462500000000002
1426,3591.6578281533834,191.85346466445924,0.06453
1427,2321.033725597847,183.49016040992737,0.06443499999999999
1428,3395.923262996976,202.43930158996582,0.06434000000000001
1429,3226.9417619917685,255.75957684326173,0.064245
1430,3250.534979185211,185.9632101612091,0.06415000000000001
1431,2888.540742318893,193.92048775672913,0.064055
1432,2946.62584397126,173.79245615196228,0.06396000000000002
1433,3334.679196542085,174.27783077812194,0.063865
1434,3743.8767641894237,171.4187903137207,0.06377
1435,3601.059787847568,164.53547332191468,0.06367500000000001
1436,3639.5263803176085,192.60447821617126,0.06358
1437,2860.3357625947174,202.52126437187195,0.06348500000000001
1438,3278.3312959426303,183.523999584198,0.06339
1439,3427.087538397534,164.7324341583252,0.06329499999999999
1440,3326.8559662712823,190.19780976486206,0.0632
1441,2941.731586789584,173.86772192382813,0.063105
1442,3449.328678674541,186.2568188056946,0.06301000000000001
1443,2429.094103182083,197.7585068283081,0.062915
1444,2790.7094985143917,186.42591189575197,0.06282000000000001
1445,3056.0101011292613,184.98289568138122,0.062725
1446,3708.2487386112216,176.8605071773529,0.06262999999999999
1447,3989.32558258726,164.87919424438476,0.06253500000000001
1448,3597.9085898630706,177.166642036438,0.062439999999999996
1449,3922.769148199344,182.49217143821716,0.06234500000000001
1450,4138.18904714613,167.03375498580934,0.06225
1451,3976.626498186742,157.4168975944519,0.062155000000000016
1452,3334.2929577095824,179.1241846218109,0.062060000000000004
1453,3880.7294024588227,187.82484042549135,0.06196499999999999
1454,3165.6073221559764,171.95301599884033,0.06187000000000001
1455,3039.4252428344057,242.02299778366088,0.061775
1456,4028.75164500857,188.60673036766053,0.06168000000000001
1457,3293.47530219695,170.28650883865356,0.061585
1458,4298.81105914001,162.30769311714172,0.06149000000000002
1459,3720.815168982824,179.05809295082094,0.061395000000000005
1460,3878.5802397600783,171.6962049484253,0.06129999999999999
1461,4286.862630076771,171.41734283828734,0.06120500000000001
1462,4334.963264255153,180.5879568386078,0.06111
1463,4107.2992370643215,190.8102481613159,0.061015000000000014
1464,3902.729383622386,176.7604889011383,0.06092
1465,4435.621943575349,190.17658661842347,0.06082499999999999
1466,3529.6168629932145,176.35960165023803,0.060730000000000006
1467,3956.374177161431,188.0537399673462,0.060634999999999994
1468,3865.7350037623423,183.45769144439697,0.06054000000000001
1469,3807.8416769308205,198.20802304458618,0.060445
1470,3580.422894723106,177.0599241657257,0.060350000000000015
1471,2397.310298036816,177.33752260017394,0.060255
1472,3917.969822462801,160.53756305885315,0.06015999999999999
1473,2987.857159814408,175.63521068191528,0.06006500000000001
1474,4006.3945218262593,169.4760684261322,0.059969999999999996
1475,4151.937939220113,226.58227039718628,0.05987500000000001
1476,4721.119594582976,169.1858371105194,0.05978
1477,3940.4192919303146,180.21840078735352,0.059685000000000016
1478,3672.528117367755,179.81660547447206,0.059590000000000004
1479,4033.7631581738315,173.67293851470947,0.05949499999999999
1480,4495.409615266864,159.26640385627746,0.05940000000000001
1481,4677.3141325078495,168.0651718826294,0.059305
1482,4705.980091974863,169.44380469703674,0.05921000000000001
1483,4674.909374694976,176.12180725097656,0.059115
1484,3606.063117790968,181.2827154045105,0.05902000000000002
1485,3865.506592315601,175.65559498786925,0.058925000000000005
1486,4195.907843267098,180.72957006072997,0.05882999999999999
1487,4118.747486024668,175.8237347354889,0.05873500000000001
1488,4273.834304583054,187.22655452919005,0.05864
1489,4280.152013680534,181.71147686576845,0.058545000000000014
1490,2746.471969543879,174.88371784210204,0.05845
1491,3003.244484947223,168.10562884521485,0.05835499999999999
1492,3088.416671087115,162.6755584926605,0.058260000000000006
1493,2947.0658956649004,176.44268484306335,0.058164999999999994
1494,3131.922028880263,163.63369882774353,0.05807000000000001
1495,3494.6042728499665,161.0106744632721,0.057975
1496,3346.914683013835,164.06637578582763,0.057880000000000015
1497,3254.656926594843,168.0943436794281,0.057785
1498,2828.1136729827676,187.76867398834227,0.05768999999999999
1499,3288.0493956899504,176.32659239387513,0.05759500000000001
1500,3589.6237649932873,165.2112063961029,0.057499999999999996
