Reward,Length,t,Episode,Loss
-445.61703,200,2.714454,1,0.16747918725013733
-651.26184,200,2.714454,2,0.16747918725013733
-380.92712,200,5.127808,3,0.11344704031944275
-765.8674,200,5.127808,4,0.11344704031944275
-669.6294,200,7.558478,5,0.0710706114768982
-548.399,200,7.558478,6,0.0710706114768982
-461.21103,200,9.986438,7,0.06124107539653778
-912.24194,200,9.986438,8,0.06124107539653778
-870.7712,200,12.254921,9,0.06402110308408737
-505.96988,200,12.254921,10,0.06402110308408737
-657.1541,200,14.839325,11,0.08768588304519653
-594.02155,200,14.839325,12,0.08768588304519653
-869.44147,200,17.632503,13,0.10200922191143036
-466.7997,200,17.632503,14,0.10200922191143036
-473.0178,200,19.937528,15,0.09081198275089264
-787.0137,200,19.937528,16,0.09081198275089264
-501.574,200,22.2535,17,0.09395899623632431
-512.3352,200,22.2535,18,0.09395899623632431
-496.91962,200,24.39611,19,0.11334608495235443
-496.09296,200,24.39611,20,0.11334608495235443
-209.89369,200,26.723779,21,0.11355344951152802
-368.53998,200,26.723779,22,0.11355344951152802
-248.95955,200,28.968719,23,0.09000638872385025
-341.65024,200,28.968719,24,0.09000638872385025
-309.35678,200,31.418645,25,0.12801533937454224
84.03319,200,31.418645,26,0.12801533937454224
89.81118,200,33.839277,27,0.14630194008350372
-6.9248366,200,33.846216,28,0.14630194008350372
190.88802,200,36.29183,29,0.18355122208595276
-243.41502,200,36.29183,30,0.18355122208595276
300.75885,200,38.818266,31,0.22211506962776184
78.27432,200,38.819266,32,0.22211506962776184
293.71072,200,41.154748,33,0.2109050154685974
209.45181,200,41.154748,34,0.2109050154685974
216.7772,200,43.384155,35,0.1925104260444641
397.84485,200,43.384155,36,0.1925104260444641
294.0928,200,45.86205,37,0.18023277819156647
140.25792,200,45.86205,38,0.18023277819156647
221.73407,200,48.191391,39,0.30444198846817017
298.11716,200,48.191391,40,0.30444198846817017
201.80627,200,50.663506,41,0.35248491168022156
396.79016,200,50.663506,42,0.35248491168022156
298.0552,200,53.027009,43,0.4587792158126831
206.68413,200,53.027009,44,0.4587792158126831
296.5686,200,55.555434,45,0.31655973196029663
397.78342,200,55.555434,46,0.31655973196029663
307.1559,200,57.944652,47,0.5709429979324341
305.32736,200,57.944652,48,0.5709429979324341
397.49655,200,60.521857,49,0.3254833221435547
216.24615,200,60.521857,50,0.3254833221435547
304.3454,200,62.942738,51,0.6768074035644531
297.26627,200,62.942738,52,0.6768074035644531
299.89346,200,65.230381,53,0.7006709575653076
297.552,200,65.230381,54,0.7006709575653076
301.074,200,67.625927,55,0.45458877086639404
304.03775,200,67.625927,56,0.45458877086639404
306.26865,200,70.015671,57,0.7272368669509888
203.71666,200,70.015671,58,0.7272368669509888
305.86053,200,72.453817,59,1.3660496473312378
305.12317,200,72.453817,60,1.3660496473312378
207.76163,200,75.11671,61,1.1069071292877197
398.11865,200,75.11671,62,1.1069071292877197
304.6606,200,77.25189,63,0.686309814453125
309.62268,200,77.25189,64,0.686309814453125
302.81534,200,79.519248,65,0.9602587223052979
309.95383,200,79.519248,66,0.9602587223052979
301.75986,200,81.834514,67,1.0531952381134033
298.52963,200,81.834514,68,1.0531952381134033
297.28253,200,84.186995,69,1.4702138900756836
396.83527,200,84.186995,70,1.4702138900756836
202.5302,200,86.573652,71,0.5805675983428955
300.6779,200,86.573652,72,0.5805675983428955
301.61322,200,88.971044,73,1.124501347541809
219.39465,200,88.971044,74,1.124501347541809
305.21103,200,91.586716,75,0.8792415857315063
306.67813,200,91.586716,76,0.8792415857315063
195.88687,200,94.210569,77,1.1442477703094482
306.95587,200,94.210569,78,1.1442477703094482
310.19724,200,96.645674,79,2.102621078491211
129.36226,200,96.645674,80,2.102621078491211
125.49975,200,99.034073,81,0.8886915445327759
308.49567,200,99.034073,82,0.8886915445327759
295.61417,200,101.303919,83,0.9085126519203186
397.0871,200,101.303919,84,0.9085126519203186
307.79358,200,103.764653,85,1.1804884672164917
305.066,200,103.764653,86,1.1804884672164917
305.47058,200,106.296195,87,0.6262692213058472
298.95206,200,106.296195,88,0.6262692213058472
204.0375,200,108.841601,89,1.2717247009277344
304.62738,200,108.842601,90,1.2717247009277344
306.4838,200,111.562526,91,0.9161220788955688
310.1652,200,111.562526,92,0.9161220788955688
305.38348,200,114.137405,93,0.8523402810096741
199.22533,200,114.137405,94,0.8523402810096741
298.50885,200,116.598069,95,1.115240454673767
305.5629,200,116.598069,96,1.115240454673767
308.04623,200,119.01545,97,1.2655885219573975
216.62999,200,119.01545,98,1.2655885219573975
305.8004,200,121.414329,99,1.2598211765289307
212.34091,200,121.415328,100,1.2598211765289307
305.2031,200,123.713029,101,1.0979671478271484
225.95047,200,123.713029,102,1.0979671478271484
148.58298,200,125.792153,103,1.0876656770706177
309.22388,200,125.792153,104,1.0876656770706177
211.03651,200,128.171624,105,0.6554441452026367
213.5044,200,128.171624,106,0.6554441452026367
301.15555,200,130.750337,107,0.7651025652885437
204.0421,200,130.750337,108,0.7651025652885437
303.9436,200,133.241791,109,0.8624175786972046
303.19882,200,133.241791,110,0.8624175786972046
305.41537,200,135.755091,111,0.7672586441040039
310.72162,200,135.755091,112,0.7672586441040039
306.59998,200,137.827288,113,0.9779123663902283
309.3306,200,137.827288,114,0.9779123663902283
397.4307,200,139.938293,115,0.8280917406082153
209.71889,200,139.938293,116,0.8280917406082153
298.29257,200,142.26758,117,0.9485505223274231
220.23541,200,142.26758,118,0.9485505223274231
209.1518,200,144.592226,119,0.6578998565673828
224.14235,200,144.592226,120,0.6578998565673828
202.40169,200,146.85579,121,0.621514081954956
302.90305,200,146.85579,122,0.621514081954956
302.2996,200,148.915522,123,1.402935266494751
396.43744,200,148.915522,124,1.402935266494751
300.8265,200,151.408045,125,1.0422240495681763
306.9319,200,151.408045,126,1.0422240495681763
297.52808,200,153.682574,127,0.9702123403549194
304.6118,200,153.682574,128,0.9702123403549194
212.84798,200,155.854721,129,0.5790544748306274
123.91119,200,155.855721,130,0.5790544748306274
304.7389,200,157.946267,131,0.6201095581054688
307.51096,200,157.946267,132,0.6201095581054688
217.70395,200,159.998661,133,0.6473119854927063
305.91168,200,159.998661,134,0.6473119854927063
307.71033,200,161.996598,135,0.6545539498329163
215.46228,200,161.996598,136,0.6545539498329163
220.36499,200,164.042818,137,0.6411552429199219
397.28796,200,164.042818,138,0.6411552429199219
192.0679,200,166.389197,139,0.7233901023864746
124.30252,200,166.389197,140,0.7233901023864746
304.5779,200,168.722527,141,0.7370555996894836
309.10873,200,168.722527,142,0.7370555996894836
309.94077,200,170.854876,143,0.7689012289047241
301.2159,200,170.854876,144,0.7689012289047241
397.57477,200,173.011804,145,0.5981388092041016
309.41476,200,173.011804,146,0.5981388092041016
304.79022,200,175.238437,147,0.5941299200057983
398.05716,200,175.238437,148,0.5941299200057983
310.40176,200,177.478339,149,0.8630926609039307
302.25635,200,177.478339,150,0.8630926609039307
302.67694,200,179.821028,151,0.7421731352806091
397.4905,200,179.821028,152,0.7421731352806091
309.0304,200,181.905279,153,0.6290900111198425
305.0022,200,181.905279,154,0.6290900111198425
398.82315,200,184.025429,155,0.561124324798584
398.49463,200,184.025429,156,0.561124324798584
300.16852,200,186.336278,157,0.34881436824798584
301.0176,200,186.336278,158,0.34881436824798584
216.2448,200,188.674695,159,0.6185665130615234
299.3974,200,188.674695,160,0.6185665130615234
398.67657,200,190.71667,161,0.5451667308807373
303.11218,200,190.71667,162,0.5451667308807373
309.58356,200,192.8537,163,0.5444421172142029
135.23169,200,192.8537,164,0.5444421172142029
219.46822,200,195.269401,165,0.8155289888381958
307.2268,200,195.269401,166,0.8155289888381958
308.96323,200,197.616467,167,0.42143380641937256
304.97073,200,197.616467,168,0.42143380641937256
161.99498,200,199.907347,169,0.4940759539604187
398.85004,200,199.907347,170,0.4940759539604187
395.2859,200,201.930282,171,0.4742719531059265
307.91187,200,201.930282,172,0.4742719531059265
219.11081,200,204.133526,173,0.4842810332775116
398.8459,200,204.133526,174,0.4842810332775116
170.24954,200,206.463754,175,0.49927228689193726
309.90604,200,206.463754,176,0.49927228689193726
217.45383,200,208.750573,177,0.8785214424133301
399.0796,200,208.750573,178,0.8785214424133301
151.19623,200,211.130335,179,0.4729544520378113
302.6926,200,211.130335,180,0.4729544520378113
301.06375,200,213.09134,181,0.3573768436908722
307.64505,200,213.09134,182,0.3573768436908722
304.28635,200,215.279658,183,0.4975135922431946
397.23914,200,215.279658,184,0.4975135922431946
211.30852,200,217.475304,185,0.7384541034698486
219.38107,200,217.475304,186,0.7384541034698486
311.76486,200,219.795013,187,0.5586360692977905
305.5713,200,219.795013,188,0.5586360692977905
399.19568,200,221.950755,189,0.45146864652633667
223.67273,200,221.950755,190,0.45146864652633667
110.23489,200,224.116668,191,0.5952337980270386
300.1395,200,224.116668,192,0.5952337980270386
138.18446,200,226.342996,193,0.47977545857429504
305.68198,200,226.342996,194,0.47977545857429504
228.78426,200,228.33535,195,0.5792382955551147
207.32408,200,228.33535,196,0.5792382955551147
303.76978,200,230.631948,197,0.3280527591705322
145.94438,200,230.631948,198,0.3280527591705322
397.61,200,232.688673,199,0.672629714012146
300.75467,200,232.688673,200,0.672629714012146
309.90158,200,234.901408,201,0.3419036269187927
305.80533,200,234.901408,202,0.3419036269187927
310.67868,200,237.198368,203,0.27091190218925476
223.1905,200,237.198368,204,0.27091190218925476
222.20886,200,239.246664,205,0.5254029035568237
311.37775,200,239.246664,206,0.5254029035568237
300.89612,200,241.41863,207,0.4155668616294861
208.55504,200,241.41863,208,0.4155668616294861
304.00116,200,243.38302,209,0.2991868555545807
304.01947,200,243.38302,210,0.2991868555545807
396.27304,200,245.466483,211,0.44975632429122925
309.2228,200,245.466483,212,0.44975632429122925
299.97437,200,247.577972,213,0.4520551562309265
212.0186,200,247.577972,214,0.4520551562309265
227.61537,200,249.677868,215,0.48181647062301636
305.12195,200,249.677868,216,0.48181647062301636
298.27228,200,251.959619,217,0.3707859218120575
307.47095,200,251.959619,218,0.3707859218120575
220.30078,200,254.000447,219,0.5773316621780396
299.8599,200,254.000447,220,0.5773316621780396
305.38724,200,256.351557,221,0.5385103225708008
226.72238,200,256.351557,222,0.5385103225708008
308.29858,200,258.72655,223,0.3567482829093933
216.15338,200,258.72655,224,0.3567482829093933
306.06918,200,261.155765,225,0.4584188461303711
307.11996,200,261.155765,226,0.4584188461303711
297.08777,200,263.468237,227,0.6105530261993408
303.10254,200,263.468237,228,0.6105530261993408
224.10475,200,265.786845,229,0.4360535740852356
222.31339,200,265.786845,230,0.4360535740852356
212.92473,200,267.925262,231,0.46666762232780457
305.87747,200,267.925262,232,0.46666762232780457
309.31308,200,270.383846,233,0.7004034519195557
215.57823,200,270.384845,234,0.7004034519195557
298.37616,200,272.668198,235,0.35980620980262756
305.0472,200,272.668198,236,0.35980620980262756
218.4905,200,275.132569,237,0.3965532183647156
217.94612,200,275.132569,238,0.3965532183647156
306.31036,200,277.66267,239,0.4498358964920044
395.87064,200,277.66267,240,0.4498358964920044
214.83063,200,280.089376,241,0.31191086769104004
304.28937,200,280.089376,242,0.31191086769104004
396.32556,200,282.402297,243,0.3942481279373169
297.3683,200,282.402297,244,0.3942481279373169
206.81458,200,284.764281,245,0.31307074427604675
296.54105,200,284.764281,246,0.31307074427604675
223.23482,200,287.050368,247,0.2872602939605713
303.40363,200,287.050368,248,0.2872602939605713
297.60574,200,289.425131,249,0.2982451319694519
214.01564,200,289.425131,250,0.2982451319694519
306.17465,200,291.760399,251,0.7151838541030884
211.92381,200,291.760399,252,0.7151838541030884
305.13425,200,294.18245,253,0.44348782300949097
221.94577,200,294.18245,254,0.44348782300949097
303.48593,200,296.695818,255,0.22096261382102966
303.88275,200,296.695818,256,0.22096261382102966
305.49774,200,299.106988,257,0.3286792039871216
305.53964,200,299.106988,258,0.3286792039871216
297.6092,200,301.618135,259,0.3041004538536072
302.81107,200,301.618135,260,0.3041004538536072
307.25955,200,303.961018,261,0.407390296459198
396.1086,200,303.961018,262,0.407390296459198
213.83641,200,306.188243,263,0.18411855399608612
224.28764,200,306.188243,264,0.18411855399608612
223.97684,200,308.468658,265,0.2894206643104553
221.42287,200,308.469659,266,0.2894206643104553
303.24762,200,310.813034,267,0.5714352130889893
299.25992,200,310.813034,268,0.5714352130889893
302.1589,200,313.209305,269,0.4633200466632843
300.61002,200,313.209305,270,0.4633200466632843
301.3554,200,315.861343,271,0.28475221991539
306.69962,200,315.861343,272,0.28475221991539
222.33742,200,318.367557,273,0.4597012996673584
220.96109,200,318.367557,274,0.4597012996673584
304.02066,200,320.456372,275,0.37579312920570374
296.75833,200,320.456372,276,0.37579312920570374
221.16768,200,322.761008,277,0.7352809906005859
295.87555,200,322.761008,278,0.7352809906005859
305.73618,200,325.094398,279,0.23484709858894348
301.81537,200,325.094398,280,0.23484709858894348
303.76462,200,327.428248,281,0.4437662959098816
397.83173,200,327.428248,282,0.4437662959098816
222.33134,200,329.953565,283,0.20756058394908905
300.76642,200,329.953565,284,0.20756058394908905
299.97314,200,332.523845,285,0.3191031813621521
298.3163,200,332.524846,286,0.3191031813621521
396.5482,200,335.09941,287,0.1850346028804779
301.39453,200,335.09941,288,0.1850346028804779
302.49435,200,337.656254,289,0.5512453317642212
303.42856,200,337.656254,290,0.5512453317642212
301.78006,200,340.140419,291,0.30753523111343384
398.01053,200,340.141419,292,0.30753523111343384
302.66385,200,342.576926,293,0.4363114535808563
300.50702,200,342.578534,294,0.4363114535808563
300.57077,200,345.254675,295,0.4416921138763428
396.0948,200,345.254675,296,0.4416921138763428
219.65097,200,347.369918,297,0.34696274995803833
306.6051,200,347.370923,298,0.34696274995803833
213.67487,200,349.916747,299,0.3071376085281372
305.62903,200,349.916747,300,0.3071376085281372
303.62347,200,352.507813,301,0.469499409198761
300.43884,200,352.507813,302,0.469499409198761
306.72794,200,355.103543,303,0.41085731983184814
305.14267,200,355.103543,304,0.41085731983184814
309.13782,200,357.674505,305,0.5950508713722229
297.2432,200,357.674505,306,0.5950508713722229
219.56288,200,360.248296,307,0.41666197776794434
209.88509,200,360.248296,308,0.41666197776794434
299.12668,200,362.667231,309,0.38915079832077026
221.65479,200,362.667231,310,0.38915079832077026
217.92184,200,364.913148,311,0.2599746286869049
396.34152,200,364.913148,312,0.2599746286869049
303.8911,200,367.259606,313,0.4121149778366089
303.06058,200,367.259606,314,0.4121149778366089
398.1006,200,369.697509,315,0.3503930866718292
302.71893,200,369.697509,316,0.3503930866718292
306.5776,200,372.264031,317,0.2700529992580414
297.5871,200,372.264031,318,0.2700529992580414
309.48685,200,374.714872,319,0.3747134804725647
396.5627,200,374.714872,320,0.3747134804725647
304.4121,200,377.196513,321,0.20949897170066833
303.73813,200,377.196513,322,0.20949897170066833
396.94067,200,379.455964,323,0.2617432475090027
306.09512,200,379.455964,324,0.2617432475090027
303.51733,200,381.931253,325,0.2579152584075928
308.602,200,381.931253,326,0.2579152584075928
297.697,200,384.295749,327,0.36592230200767517
303.6577,200,384.295749,328,0.36592230200767517
299.54208,200,386.650476,329,0.29514336585998535
390.1288,200,386.650476,330,0.29514336585998535
300.62405,200,388.97762,331,0.13916918635368347
296.4251,200,388.97762,332,0.13916918635368347
210.63396,200,391.699547,333,0.32263094186782837
297.9251,200,391.699547,334,0.32263094186782837
297.68195,200,393.940322,335,0.49173086881637573
303.34125,200,393.941324,336,0.49173086881637573
218.05484,200,396.442492,337,0.3166155517101288
219.85521,200,396.442492,338,0.3166155517101288
390.4442,200,398.919391,339,0.3588320016860962
226.70088,200,398.919391,340,0.3588320016860962
303.3387,200,401.116349,341,0.2482748180627823
299.75592,200,401.116349,342,0.2482748180627823
398.44138,200,403.416518,343,0.33236628770828247
226.54655,200,403.416518,344,0.33236628770828247
298.0945,200,405.967557,345,0.310870885848999
200.61897,200,405.967557,346,0.310870885848999
220.58813,200,408.253551,347,0.31258997321128845
219.61038,200,408.253551,348,0.31258997321128845
311.16998,200,410.840652,349,0.40057265758514404
307.85117,200,410.841651,350,0.40057265758514404
387.50183,200,413.061324,351,0.18519066274166107
296.35034,200,413.061324,352,0.18519066274166107
308.37173,200,415.295714,353,0.28852981328964233
399.0938,200,415.295714,354,0.28852981328964233
299.6933,200,417.579288,355,0.3805946707725525
303.87952,200,417.580325,356,0.3805946707725525
293.92453,200,420.13068,357,0.4410504698753357
218.74078,200,420.13068,358,0.4410504698753357
388.1029,200,422.194346,359,0.28519266843795776
297.4733,200,422.194346,360,0.28519266843795776
297.4899,200,424.356547,361,0.19450631737709045
298.79605,200,424.356547,362,0.19450631737709045
387.281,200,426.750922,363,0.19121763110160828
289.63998,200,426.750922,364,0.19121763110160828
220.76686,200,428.975817,365,0.2493428885936737
399.0811,200,428.975817,366,0.2493428885936737
302.61606,200,431.295259,367,0.1554163694381714
387.46497,200,431.295259,368,0.1554163694381714
298.38998,200,433.708311,369,0.26695552468299866
300.0376,200,433.708311,370,0.26695552468299866
305.64185,200,436.138096,371,0.20153450965881348
225.11557,200,436.138096,372,0.20153450965881348
298.8801,200,438.307024,373,0.1431378275156021
206.0618,200,438.307024,374,0.1431378275156021
296.78915,200,440.452193,375,0.29363811016082764
302.46426,200,440.452193,376,0.29363811016082764
206.91655,200,442.760657,377,0.29041799902915955
224.02151,200,442.760657,378,0.29041799902915955
305.94916,200,445.238091,379,0.5588947534561157
224.54358,200,445.239614,380,0.5588947534561157
299.91788,200,447.885993,381,0.28904739022254944
388.93265,200,447.885993,382,0.28904739022254944
388.82297,200,450.502854,383,0.5498575568199158
306.28482,200,450.502854,384,0.5498575568199158
398.92197,200,452.759421,385,0.3154234290122986
389.1604,200,452.759421,386,0.3154234290122986
297.56042,200,455.006637,387,0.20839855074882507
294.17197,200,455.006637,388,0.20839855074882507
301.3577,200,457.430381,389,0.3180293142795563
301.9566,200,457.430381,390,0.3180293142795563
303.79248,200,459.814365,391,0.3396080732345581
301.5083,200,459.814365,392,0.3396080732345581
310.21637,200,462.312544,393,0.5998437404632568
396.20273,200,462.312544,394,0.5998437404632568
306.36517,200,464.520511,395,0.13693907856941223
298.32056,200,464.520511,396,0.13693907856941223
146.41391,200,466.842712,397,0.21398404240608215
298.569,200,466.842712,398,0.21398404240608215
295.5515,200,469.133554,399,0.361322283744812
212.56958,200,469.133554,400,0.361322283744812
298.33072,200,471.53108,401,0.3419937789440155
304.85306,200,471.53108,402,0.3419937789440155
299.6046,200,473.989563,403,0.2005579024553299
293.70285,200,473.989563,404,0.2005579024553299
298.91577,200,476.170264,405,0.4806453585624695
216.09195,200,476.170264,406,0.4806453585624695
212.52367,200,478.519437,407,0.31392258405685425
205.59232,200,478.519437,408,0.31392258405685425
289.74954,200,480.890735,409,0.2533121109008789
219.50787,200,480.890735,410,0.2533121109008789
293.5638,200,483.052556,411,0.3581121861934662
215.02077,200,483.052556,412,0.3581121861934662
389.35825,200,485.472026,413,0.2903676927089691
299.9348,200,485.472026,414,0.2903676927089691
224.48418,200,487.709569,415,0.4269212782382965
298.60266,200,487.709569,416,0.4269212782382965
304.18152,200,490.001457,417,0.19096499681472778
300.4088,200,490.001457,418,0.19096499681472778
219.75948,200,492.340395,419,0.19146452844142914
391.0345,200,492.340395,420,0.19146452844142914
303.9784,200,494.599345,421,0.14407476782798767
206.98053,200,494.599345,422,0.14407476782798767
304.42487,200,497.030442,423,0.3128570318222046
397.7057,200,497.030442,424,0.3128570318222046
392.31985,200,499.250768,425,0.38135021924972534
391.44617,200,499.250768,426,0.38135021924972534
222.96974,200,501.534086,427,0.23104499280452728
300.94757,200,501.534086,428,0.23104499280452728
393.74878,200,503.986423,429,0.30290454626083374
303.88257,200,503.986423,430,0.30290454626083374
308.8008,200,506.402991,431,0.21242089569568634
220.40845,200,506.402991,432,0.21242089569568634
393.34723,200,508.911807,433,0.185540571808815
297.60913,200,508.911807,434,0.185540571808815
301.91827,200,511.334405,435,0.20978707075119019
304.67218,200,511.334405,436,0.20978707075119019
174.88525,200,513.627892,437,0.37831687927246094
302.94913,200,513.627892,438,0.37831687927246094
388.95197,200,516.006201,439,0.30682244896888733
225.49959,200,516.006201,440,0.30682244896888733
200.92343,200,518.351341,441,0.1777610182762146
302.51382,200,518.351341,442,0.1777610182762146
202.38936,200,520.711828,443,0.2908990979194641
299.30457,200,520.711828,444,0.2908990979194641
290.2393,200,523.194868,445,0.3141212463378906
218.86377,200,523.194868,446,0.3141212463378906
210.93843,200,525.83576,447,0.22085046768188477
214.15665,200,525.83676,448,0.22085046768188477
210.01033,200,528.306363,449,0.15419736504554749
217.97516,200,528.306363,450,0.15419736504554749
296.332,200,530.802053,451,0.23745235800743103
298.2063,200,530.802053,452,0.23745235800743103
178.75652,200,533.090857,453,0.25203579664230347
298.05228,200,533.090857,454,0.25203579664230347
306.42944,200,535.42735,455,0.3468600809574127
305.53412,200,535.42735,456,0.3468600809574127
305.35443,200,537.631242,457,0.15433309972286224
218.40508,200,537.631242,458,0.15433309972286224
120.41837,200,539.943883,459,0.3699900209903717
294.747,200,539.943883,460,0.3699900209903717
299.58676,200,542.479216,461,0.16420873999595642
289.839,200,542.479216,462,0.16420873999595642
293.81436,200,544.981606,463,0.16378697752952576
302.55484,200,544.981606,464,0.16378697752952576
302.81412,200,547.35686,465,0.26397383213043213
294.75687,200,547.35686,466,0.26397383213043213
301.24667,200,549.739583,467,0.49467623233795166
293.9109,200,549.739583,468,0.49467623233795166
397.4543,200,552.020193,469,0.381250262260437
293.53638,200,552.020193,470,0.381250262260437
293.99933,200,554.285731,471,0.4184510111808777
391.67014,200,554.285731,472,0.4184510111808777
295.80057,200,556.611468,473,0.17782485485076904
303.04376,200,556.611468,474,0.17782485485076904
304.1108,200,558.888335,475,0.18647094070911407
307.70334,200,558.888335,476,0.18647094070911407
223.71088,200,561.495551,477,0.25997528433799744
299.16483,200,561.495551,478,0.25997528433799744
299.811,200,564.028487,479,0.178000807762146
299.16327,200,564.028487,480,0.178000807762146
302.7904,200,566.51431,481,0.3421373665332794
301.05408,200,566.51431,482,0.3421373665332794
304.15448,200,569.08026,483,0.3278104364871979
213.47043,200,569.08026,484,0.3278104364871979
299.89713,200,571.563076,485,0.1729879528284073
300.4471,200,571.563076,486,0.1729879528284073
395.43326,200,573.909594,487,0.32539182901382446
302.23166,200,573.909594,488,0.32539182901382446
294.9639,200,576.433576,489,0.26709607243537903
304.1221,200,576.433576,490,0.26709607243537903
304.09384,200,578.839336,491,0.7480565309524536
302.92014,200,578.839336,492,0.7480565309524536
301.20944,200,581.299541,493,0.291313499212265
212.23471,200,581.299541,494,0.291313499212265
396.86438,200,583.803957,495,0.16575250029563904
302.2329,200,583.803957,496,0.16575250029563904
207.5619,200,586.424271,497,0.2411830723285675
215.63538,200,586.424271,498,0.2411830723285675
219.81209,200,588.807873,499,0.2661858797073364
208.59317,200,588.807873,500,0.2661858797073364
301.91696,200,591.182117,501,0.16844186186790466
298.1591,200,591.182117,502,0.16844186186790466
212.00935,200,593.677294,503,0.18107758462429047
391.78223,200,593.677294,504,0.18107758462429047
212.69157,200,596.148472,505,0.19658222794532776
297.42273,200,596.149472,506,0.19658222794532776
305.75183,200,598.449502,507,0.2221325933933258
210.8179,200,598.449502,508,0.2221325933933258
218.87222,200,600.893295,509,0.14230701327323914
396.85928,200,600.893295,510,0.14230701327323914
302.00668,200,603.410741,511,0.17008042335510254
218.79651,200,603.410741,512,0.17008042335510254
292.41177,200,605.994506,513,0.34979069232940674
389.70352,200,605.994506,514,0.34979069232940674
300.64227,200,608.504346,515,0.2120034098625183
298.84683,200,608.504346,516,0.2120034098625183
302.55264,200,610.947302,517,0.2683497667312622
397.08145,200,610.947302,518,0.2683497667312622
296.50104,200,613.198578,519,0.2308731973171234
139.90665,200,613.198578,520,0.2308731973171234
305.6988,200,615.549638,521,0.22299198806285858
220.49088,200,615.549638,522,0.22299198806285858
214.13565,200,617.824363,523,0.1742495447397232
134.68196,200,617.824363,524,0.1742495447397232
390.4919,200,620.001703,525,0.4147542715072632
214.39299,200,620.001703,526,0.4147542715072632
214.98169,200,622.459407,527,0.16471341252326965
307.44882,200,622.459407,528,0.16471341252326965
299.28256,200,625.015978,529,0.12707725167274475
296.7585,200,625.015978,530,0.12707725167274475
303.10928,200,627.808428,531,0.2864554822444916
302.42206,200,627.808428,532,0.2864554822444916
218.96603,200,630.145819,533,0.19900985062122345
221.18724,200,630.145819,534,0.19900985062122345
297.94937,200,632.449195,535,0.18916991353034973
303.45288,200,632.449195,536,0.18916991353034973
304.71545,200,634.740548,537,0.23397383093833923
222.36485,200,634.740548,538,0.23397383093833923
306.65445,200,636.992738,539,0.22526299953460693
219.64665,200,636.992738,540,0.22526299953460693
298.21176,200,639.614118,541,0.20314493775367737
303.61557,200,639.614118,542,0.20314493775367737
210.62717,200,642.051776,543,0.10325630754232407
294.30286,200,642.051776,544,0.10325630754232407
208.78793,200,644.592688,545,0.1348065882921219
295.18073,200,644.592688,546,0.1348065882921219
113.172554,200,647.057302,547,0.21416833996772766
305.64737,200,647.057302,548,0.21416833996772766
208.50043,200,649.490279,549,0.12794773280620575
393.41455,200,649.490279,550,0.12794773280620575
220.84758,200,651.713248,551,0.29070815443992615
308.5286,200,651.713248,552,0.29070815443992615
300.77982,200,653.96049,553,0.17731015384197235
216.37556,200,653.96049,554,0.17731015384197235
306.39032,200,656.070316,555,0.2081632912158966
397.23248,200,656.070316,556,0.2081632912158966
302.18106,200,658.331692,557,0.11082285642623901
300.99515,200,658.331692,558,0.11082285642623901
218.64096,200,660.581453,559,1.0883461236953735
306.9551,200,660.581453,560,1.0883461236953735
306.34875,200,662.85544,561,0.25897467136383057
219.27242,200,662.85544,562,0.25897467136383057
300.69824,200,665.385447,563,0.14182481169700623
397.5635,200,665.385447,564,0.14182481169700623
206.8841,200,667.757027,565,0.14262226223945618
303.81738,200,667.757027,566,0.14262226223945618
308.6981,200,670.100243,567,0.2651853561401367
299.6962,200,670.100243,568,0.2651853561401367
306.19196,200,672.25837,569,0.09159430861473083
227.10684,200,672.25837,570,0.09159430861473083
306.41705,200,674.484408,571,0.18705978989601135
221.56415,200,674.484408,572,0.18705978989601135
303.39542,200,676.869343,573,0.20755432546138763
217.25546,200,676.869343,574,0.20755432546138763
306.7724,200,679.13565,575,0.4054619073867798
306.6465,200,679.13565,576,0.4054619073867798
299.54358,200,681.376047,577,0.13933733105659485
211.7098,200,681.376047,578,0.13933733105659485
397.4389,200,683.64261,579,0.1938084363937378
309.19986,200,683.64261,580,0.1938084363937378
303.04608,200,686.110761,581,0.20803643763065338
397.79333,200,686.110761,582,0.20803643763065338
304.62396,200,688.56566,583,0.23818114399909973
212.69666,200,688.56566,584,0.23818114399909973
112.95196,200,690.950597,585,0.3754674792289734
396.69125,200,690.950597,586,0.3754674792289734
225.03223,200,693.144036,587,0.14496082067489624
299.9134,200,693.144036,588,0.14496082067489624
392.48944,200,695.559261,589,0.24428239464759827
301.63516,200,695.559261,590,0.24428239464759827
307.08676,200,697.927001,591,0.19387075304985046
305.96515,200,697.927001,592,0.19387075304985046
154.68037,200,700.082771,593,0.37595704197883606
226.4416,200,700.082771,594,0.37595704197883606
225.71057,200,702.494787,595,0.10108184814453125
301.8702,200,702.494787,596,0.10108184814453125
306.59494,200,704.828558,597,0.25530102849006653
297.92383,200,704.828558,598,0.25530102849006653
398.57202,200,707.062742,599,0.27052927017211914
225.83617,200,707.062742,600,0.27052927017211914
303.2564,200,709.368655,601,0.19068339467048645
397.50687,200,709.368655,602,0.19068339467048645
303.35406,200,711.523463,603,0.46997207403182983
301.53943,200,711.523463,604,0.46997207403182983
298.7386,200,713.875403,605,0.15107426047325134
221.78326,200,713.876405,606,0.15107426047325134
396.28876,200,716.263824,607,0.24822546541690826
310.19623,200,716.263824,608,0.24822546541690826
303.6034,200,718.657839,609,0.13636192679405212
130.33498,200,718.657839,610,0.13636192679405212
142.64645,200,720.969284,611,0.2928478717803955
397.8012,200,720.969284,612,0.2928478717803955
302.5369,200,723.010178,613,0.20142844319343567
306.50174,200,723.010178,614,0.20142844319343567
220.99097,200,725.071757,615,0.12447184324264526
305.9019,200,725.071757,616,0.12447184324264526
306.70386,200,727.54524,617,0.11244011670351028
216.49489,200,727.54524,618,0.11244011670351028
217.01762,200,729.779437,619,0.08864495158195496
299.7593,200,729.779437,620,0.08864495158195496
304.8665,200,731.882059,621,0.14563602209091187
303.2752,200,731.882059,622,0.14563602209091187
298.11505,200,734.254393,623,0.2603690028190613
221.24359,200,734.254393,624,0.2603690028190613
302.3027,200,736.852435,625,0.17438927292823792
203.57802,200,736.852435,626,0.17438927292823792
216.00668,200,739.247424,627,0.14860421419143677
308.92746,200,739.247424,628,0.14860421419143677
303.49588,200,741.72785,629,0.1385279893875122
396.32727,200,741.72785,630,0.1385279893875122
306.0865,200,744.142642,631,0.10132985562086105
300.21143,200,744.142642,632,0.10132985562086105
305.12164,200,746.459366,633,0.19117631018161774
305.22964,200,746.459366,634,0.19117631018161774
305.11075,200,748.85643,635,0.13946235179901123
397.4967,200,748.85643,636,0.13946235179901123
221.99438,200,751.544602,637,0.39049971103668213
307.16034,200,751.544602,638,0.39049971103668213
140.09682,200,753.972164,639,0.11249673366546631
305.80045,200,753.972164,640,0.11249673366546631
225.8605,200,756.434827,641,0.1468355357646942
303.57666,200,756.434827,642,0.1468355357646942
211.27544,200,758.881882,643,0.2410242110490799
225.1604,200,758.881882,644,0.2410242110490799
397.47833,200,761.339457,645,0.09819816052913666
310.44507,200,761.339457,646,0.09819816052913666
301.36273,200,763.667288,647,0.27666229009628296
223.69614,200,763.667288,648,0.27666229009628296
221.582,200,766.078561,649,0.21121716499328613
305.58035,200,766.078561,650,0.21121716499328613
216.5025,200,768.531016,651,0.18673080205917358
306.31918,200,768.531016,652,0.18673080205917358
306.78607,200,770.749134,653,0.17226755619049072
305.90466,200,770.749134,654,0.17226755619049072
224.65787,200,773.201567,655,0.13379177451133728
214.94685,200,773.202562,656,0.13379177451133728
298.79245,200,775.617434,657,0.22966152429580688
217.21439,200,775.617434,658,0.22966152429580688
225.37975,200,778.020442,659,0.2725822925567627
209.69197,200,778.020442,660,0.2725822925567627
305.79694,200,780.444053,661,0.2261222004890442
205.0893,200,780.444053,662,0.2261222004890442
301.07822,200,782.853483,663,0.20378315448760986
303.67416,200,782.853483,664,0.20378315448760986
223.9014,200,785.045217,665,0.15960732102394104
300.16815,200,785.045217,666,0.15960732102394104
303.0083,200,787.410462,667,0.1447834074497223
396.07333,200,787.410462,668,0.1447834074497223
304.80472,200,789.671598,669,0.18580180406570435
298.5595,200,789.672598,670,0.18580180406570435
303.17456,200,791.949081,671,0.1257673054933548
298.80902,200,791.949081,672,0.1257673054933548
222.27736,200,794.353689,673,0.3198375105857849
395.19382,200,794.353689,674,0.3198375105857849
304.3607,200,796.900371,675,0.31239256262779236
305.0353,200,796.900371,676,0.31239256262779236
222.46161,200,799.425098,677,0.2035057097673416
218.92911,200,799.425098,678,0.2035057097673416
397.98553,200,801.873668,679,0.23012414574623108
303.62027,200,801.873668,680,0.23012414574623108
307.4807,200,804.326075,681,0.24365292489528656
220.22151,200,804.326075,682,0.24365292489528656
395.27582,200,806.788164,683,0.35225817561149597
227.33594,200,806.788164,684,0.35225817561149597
307.30957,200,809.106583,685,0.25074276328086853
305.16443,200,809.106583,686,0.25074276328086853
208.4142,200,811.570629,687,0.5027902126312256
296.33945,200,811.570629,688,0.5027902126312256
397.73575,200,814.115335,689,0.25223201513290405
308.86353,200,814.115335,690,0.25223201513290405
223.5496,200,816.557,691,0.13347448408603668
219.41516,200,816.557,692,0.13347448408603668
305.04926,200,819.201685,693,0.16953235864639282
220.81644,200,819.201685,694,0.16953235864639282
165.68904,200,821.728506,695,0.17884136736392975
305.95932,200,821.728506,696,0.17884136736392975
300.41608,200,824.14397,697,0.17473088204860687
300.417,200,824.14397,698,0.17473088204860687
306.8469,200,826.843567,699,0.18895098567008972
219.38272,200,826.843567,700,0.18895098567008972
303.68634,200,829.217618,701,0.17691689729690552
221.4975,200,829.217618,702,0.17691689729690552
398.06573,200,831.64807,703,0.2170141339302063
304.92957,200,831.64807,704,0.2170141339302063
304.62006,200,834.166128,705,0.32215386629104614
309.31595,200,834.166128,706,0.32215386629104614
303.34268,200,836.82589,707,0.2574272155761719
305.1872,200,836.82589,708,0.2574272155761719
307.0959,200,839.401302,709,0.18458740413188934
220.13136,200,839.401302,710,0.18458740413188934
302.75305,200,841.769733,711,0.48230600357055664
211.68187,200,841.769733,712,0.48230600357055664
397.66995,200,844.061523,713,0.2997228801250458
298.21127,200,844.061523,714,0.2997228801250458
227.77585,200,846.409572,715,0.22247055172920227
302.35403,200,846.409572,716,0.22247055172920227
117.47731,200,848.727567,717,0.1627761274576187
306.6182,200,848.727567,718,0.1627761274576187
298.98975,200,851.028293,719,0.25656962394714355
184.241,200,851.028293,720,0.25656962394714355
394.74374,200,853.613643,721,0.12740635871887207
306.69205,200,853.613643,722,0.12740635871887207
302.4774,200,856.610583,723,0.554806649684906
304.93497,200,856.610583,724,0.554806649684906
217.46275,200,859.113238,725,0.07476761192083359
307.03622,200,859.113238,726,0.07476761192083359
225.24005,200,861.512807,727,0.1161554604768753
305.5313,200,861.512807,728,0.1161554604768753
301.75125,200,863.598238,729,0.13260546326637268
134.47537,200,863.598238,730,0.13260546326637268
298.63495,200,865.739282,731,0.1608714461326599
304.34348,200,865.739282,732,0.1608714461326599
215.42632,200,868.183104,733,0.36440202593803406
297.67352,200,868.183104,734,0.36440202593803406
305.18707,200,870.672179,735,0.26617902517318726
307.1976,200,870.672179,736,0.26617902517318726
298.9946,200,873.008312,737,0.10896527022123337
208.42247,200,873.008312,738,0.10896527022123337
299.16452,200,875.225765,739,0.14813771843910217
397.54324,200,875.225765,740,0.14813771843910217
299.80988,200,877.380556,741,0.1850789338350296
300.03857,200,877.380556,742,0.1850789338350296
397.71133,200,879.593045,743,0.37623658776283264
301.4942,200,879.593045,744,0.37623658776283264
398.56064,200,882.029177,745,0.18590019643306732
213.40747,200,882.029177,746,0.18590019643306732
307.6297,200,884.328239,747,0.21810033917427063
217.96085,200,884.328239,748,0.21810033917427063
302.21307,200,886.673525,749,0.2064792513847351
299.57455,200,886.673525,750,0.2064792513847351
221.50496,200,888.760173,751,0.1538846790790558
299.38412,200,888.760173,752,0.1538846790790558
299.6542,200,890.856314,753,0.13887862861156464
303.1834,200,890.856314,754,0.13887862861156464
302.2559,200,893.313525,755,0.09086452424526215
397.6911,200,893.313525,756,0.09086452424526215
222.41727,200,895.466013,757,0.20816415548324585
305.79132,200,895.466013,758,0.20816415548324585
397.52512,200,897.678301,759,0.09986531734466553
304.81415,200,897.678301,760,0.09986531734466553
397.65283,200,900.25199,761,0.1275615692138672
301.73843,200,900.25199,762,0.1275615692138672
307.6242,200,902.54596,763,0.227595254778862
303.75333,200,902.54596,764,0.227595254778862
397.4595,200,904.719811,765,0.43145477771759033
397.49756,200,904.719811,766,0.43145477771759033
216.61757,200,907.109567,767,0.13023768365383148
304.39136,200,907.109567,768,0.13023768365383148
397.6209,200,909.54642,769,0.1190580278635025
127.61158,200,909.54642,770,0.1190580278635025
304.0654,200,911.788315,771,0.16969871520996094
299.1974,200,911.788315,772,0.16969871520996094
303.70566,200,914.205379,773,0.132716566324234
222.90167,200,914.206379,774,0.132716566324234
303.57126,200,916.429672,775,0.1469324827194214
226.1027,200,916.430676,776,0.1469324827194214
304.35715,200,918.661525,777,0.16873878240585327
299.63693,200,918.661525,778,0.16873878240585327
208.74934,200,921.102558,779,0.157777339220047
300.3974,200,921.102558,780,0.157777339220047
301.16696,200,923.379351,781,0.2924841642379761
309.50037,200,923.379351,782,0.2924841642379761
299.52576,200,925.592648,783,0.14159315824508667
225.94034,200,925.592648,784,0.14159315824508667
304.5623,200,928.063393,785,0.20656901597976685
397.12265,200,928.063393,786,0.20656901597976685
306.65146,200,930.40017,787,0.1522751748561859
301.34848,200,930.40017,788,0.1522751748561859
310.3287,200,932.712904,789,0.1655820608139038
308.47852,200,932.712904,790,0.1655820608139038
303.0406,200,934.877614,791,0.15681131184101105
223.8725,200,934.877614,792,0.15681131184101105
305.0078,200,937.135767,793,0.21609219908714294
303.76733,200,937.135767,794,0.21609219908714294
224.25069,200,939.407503,795,0.0973309874534607
300.60303,200,939.407503,796,0.0973309874534607
398.0498,200,941.829265,797,0.35616791248321533
215.5611,200,941.829265,798,0.35616791248321533
226.55267,200,944.100662,799,0.1674354076385498
303.53937,200,944.100662,800,0.1674354076385498
209.16817,200,946.534754,801,0.22896252572536469
397.05255,200,946.534754,802,0.22896252572536469
307.45633,200,948.57441,803,0.34887754917144775
213.32979,200,948.57441,804,0.34887754917144775
305.22974,200,950.846556,805,0.2675460875034332
137.82726,200,950.846556,806,0.2675460875034332
303.1707,200,953.302191,807,0.15739426016807556
212.54504,200,953.302191,808,0.15739426016807556
149.77583,200,955.490457,809,0.26787084341049194
304.82217,200,955.490457,810,0.26787084341049194
310.229,200,957.766179,811,0.08419664204120636
398.92575,200,957.766179,812,0.08419664204120636
214.283,200,960.237693,813,0.26706555485725403
213.21268,200,960.237693,814,0.26706555485725403
302.03986,200,962.427464,815,0.2094794511795044
397.09686,200,962.427464,816,0.2094794511795044
307.1183,200,964.628501,817,0.19974730908870697
309.50473,200,964.628501,818,0.19974730908870697
206.22751,200,966.794341,819,0.10339508205652237
226.2421,200,966.794341,820,0.10339508205652237
307.61032,200,969.124172,821,0.20693600177764893
303.0724,200,969.124172,822,0.20693600177764893
303.70032,200,971.374156,823,0.11167965084314346
398.123,200,971.374156,824,0.11167965084314346
397.7556,200,973.462787,825,0.15433327853679657
209.27829,200,973.462787,826,0.15433327853679657
306.10522,200,975.800161,827,0.17219939827919006
303.4937,200,975.800161,828,0.17219939827919006
218.83807,200,978.122261,829,0.10996393114328384
297.2227,200,978.122261,830,0.10996393114328384
300.72574,200,980.460937,831,0.1183948814868927
207.53946,200,980.460937,832,0.1183948814868927
305.98892,200,982.993072,833,0.1353950798511505
294.00555,200,982.993072,834,0.1353950798511505
307.19586,200,985.486742,835,0.38912147283554077
130.7098,200,985.486742,836,0.38912147283554077
229.32924,200,987.950942,837,0.14428865909576416
208.36752,200,987.950942,838,0.14428865909576416
224.72044,200,990.307499,839,0.16027206182479858
398.89008,200,990.307499,840,0.16027206182479858
397.44458,200,992.863347,841,0.1621994823217392
305.15347,200,992.863347,842,0.1621994823217392
398.83246,200,995.169457,843,0.22539138793945312
297.66196,200,995.169457,844,0.22539138793945312
302.25974,200,997.506654,845,0.27789512276649475
299.44083,200,997.506654,846,0.27789512276649475
304.08646,200,999.805779,847,0.16170315444469452
226.71097,200,999.805779,848,0.16170315444469452
306.16354,200,1002.362579,849,0.20050537586212158
296.96402,200,1002.362579,850,0.20050537586212158
305.91025,200,1004.866584,851,0.13595496118068695
213.98259,200,1004.867585,852,0.13595496118068695
299.03165,200,1007.250331,853,0.13856279850006104
304.78064,200,1007.250331,854,0.13856279850006104
207.36357,200,1009.677674,855,0.22195088863372803
227.70013,200,1009.677674,856,0.22195088863372803
306.87656,200,1011.929287,857,0.11090341955423355
307.7468,200,1011.929287,858,0.11090341955423355
398.6668,200,1014.253157,859,0.12053780257701874
218.38094,200,1014.253157,860,0.12053780257701874
305.63724,200,1016.49166,861,0.5813958048820496
229.3921,200,1016.49166,862,0.5813958048820496
306.41296,200,1018.836574,863,0.24085423350334167
303.6306,200,1018.836574,864,0.24085423350334167
177.04268,200,1021.233045,865,0.1110430657863617
303.8484,200,1021.233045,866,0.1110430657863617
300.30347,200,1023.853156,867,0.28992530703544617
309.6734,200,1023.853156,868,0.28992530703544617
301.23788,200,1026.231405,869,0.16005432605743408
300.5966,200,1026.231405,870,0.16005432605743408
310.3292,200,1028.706069,871,0.17397823929786682
213.6843,200,1028.707069,872,0.17397823929786682
304.2468,200,1031.075237,873,0.15865664184093475
307.68008,200,1031.075237,874,0.15865664184093475
310.7395,200,1033.369304,875,0.13954932987689972
224.1549,200,1033.369304,876,0.13954932987689972
296.89023,200,1035.755123,877,0.32193827629089355
305.82916,200,1035.755123,878,0.32193827629089355
302.5183,200,1038.006432,879,0.16324526071548462
168.15497,200,1038.006432,880,0.16324526071548462
303.9701,200,1040.603905,881,0.23169353604316711
227.24269,200,1040.603905,882,0.23169353604316711
216.41457,200,1043.295961,883,0.12426891922950745
224.02586,200,1043.295961,884,0.12426891922950745
304.12958,200,1045.828177,885,0.17527201771736145
305.8578,200,1045.828177,886,0.17527201771736145
208.55719,200,1048.231657,887,0.11014512181282043
170.73015,200,1048.231657,888,0.11014512181282043
216.19232,200,1050.677639,889,0.12131232023239136
307.75162,200,1050.677639,890,0.12131232023239136
309.53824,200,1053.047488,891,0.30378979444503784
221.60994,200,1053.047488,892,0.30378979444503784
306.02374,200,1055.525492,893,0.3937888443470001
306.56635,200,1055.525492,894,0.3937888443470001
301.11697,200,1058.066793,895,0.22853520512580872
306.14633,200,1058.066793,896,0.22853520512580872
221.25046,200,1060.578193,897,0.16069824993610382
225.77487,200,1060.578193,898,0.16069824993610382
399.18085,200,1063.062366,899,0.4610675573348999
218.249,200,1063.062366,900,0.4610675573348999
300.70642,200,1065.639669,901,0.07102340459823608
398.84567,200,1065.639669,902,0.07102340459823608
302.90433,200,1068.243845,903,0.1019812822341919
227.50142,200,1068.243845,904,0.1019812822341919
395.9305,200,1070.353148,905,0.1496986746788025
303.22382,200,1070.353148,906,0.1496986746788025
302.929,200,1072.634569,907,0.2339705526828766
308.6896,200,1072.634569,908,0.2339705526828766
301.41306,200,1074.949622,909,0.16532744467258453
301.4622,200,1074.949622,910,0.16532744467258453
301.16254,200,1077.434334,911,0.14267592132091522
229.7022,200,1077.434334,912,0.14267592132091522
300.96982,200,1079.984787,913,0.3300165832042694
398.62317,200,1079.984787,914,0.3300165832042694
307.84366,200,1082.562206,915,0.21296793222427368
228.74408,200,1082.562206,916,0.21296793222427368
222.08812,200,1084.749225,917,0.09606495499610901
127.57763,200,1084.749225,918,0.09606495499610901
299.53116,200,1087.284415,919,0.12344542890787125
216.65143,200,1087.284415,920,0.12344542890787125
227.23279,200,1089.603841,921,0.30478036403656006
306.91565,200,1089.603841,922,0.30478036403656006
309.85123,200,1092.120661,923,0.1595039665699005
305.31482,200,1092.120661,924,0.1595039665699005
302.6558,200,1094.592182,925,0.12992526590824127
396.6274,200,1094.592182,926,0.12992526590824127
311.14523,200,1097.084781,927,0.3247254192829132
225.34595,200,1097.084781,928,0.3247254192829132
213.1604,200,1099.42135,929,0.12030744552612305
302.6928,200,1099.42135,930,0.12030744552612305
227.6873,200,1101.766866,931,0.1385815441608429
308.2463,200,1101.766866,932,0.1385815441608429
220.98666,200,1104.254712,933,0.11165015399456024
215.26385,200,1104.254712,934,0.11165015399456024
227.04384,200,1106.84963,935,0.11250924319028854
306.04724,200,1106.84963,936,0.11250924319028854
304.07523,200,1109.133571,937,0.16018100082874298
166.37753,200,1109.133571,938,0.16018100082874298
172.3826,200,1111.634274,939,0.4453372061252594
296.14822,200,1111.634274,940,0.4453372061252594
308.5216,200,1113.900338,941,0.414477676153183
308.49127,200,1113.900338,942,0.414477676153183
305.4503,200,1116.222163,943,0.15387609601020813
306.1448,200,1116.222163,944,0.15387609601020813
306.08755,200,1118.634317,945,0.14206406474113464
304.98267,200,1118.634317,946,0.14206406474113464
306.1221,200,1120.927808,947,0.4285767674446106
304.6875,200,1120.927808,948,0.4285767674446106
227.84456,200,1123.514901,949,0.16753244400024414
217.96654,200,1123.514901,950,0.16753244400024414
398.13516,200,1125.681672,951,0.4724270701408386
307.54886,200,1125.681672,952,0.4724270701408386
228.64691,200,1127.980424,953,0.2650717496871948
228.08363,200,1127.980424,954,0.2650717496871948
398.16998,200,1130.176226,955,0.13100989162921906
310.49164,200,1130.176226,956,0.13100989162921906
306.5249,200,1132.333406,957,0.1492646038532257
304.097,200,1132.333406,958,0.1492646038532257
303.76465,200,1134.644607,959,0.08217813074588776
299.0936,200,1134.644607,960,0.08217813074588776
311.168,200,1136.998342,961,0.19501879811286926
302.2164,200,1136.998342,962,0.19501879811286926
174.17111,200,1139.453507,963,0.4187995195388794
225.70717,200,1139.453507,964,0.4187995195388794
397.68558,200,1141.920918,965,0.12680479884147644
307.8361,200,1141.920918,966,0.12680479884147644
307.11612,200,1144.111704,967,0.18412716686725616
305.6802,200,1144.111704,968,0.18412716686725616
213.69116,200,1146.501736,969,0.08951020240783691
304.01276,200,1146.501736,970,0.08951020240783691
207.11319,200,1148.733112,971,0.33757221698760986
224.35252,200,1148.733112,972,0.33757221698760986
300.87106,200,1150.920527,973,0.24428366124629974
399.25653,200,1150.920527,974,0.24428366124629974
299.16193,200,1153.379365,975,0.13523106276988983
209.11069,200,1153.379365,976,0.13523106276988983
300.40274,200,1155.857741,977,0.15217682719230652
302.29434,200,1155.857741,978,0.15217682719230652
304.36768,200,1158.149316,979,0.167096808552742
311.23117,200,1158.149316,980,0.167096808552742
219.42708,200,1160.524527,981,0.09034517407417297
399.03928,200,1160.524527,982,0.09034517407417297
305.9989,200,1163.075106,983,0.15031036734580994
300.46884,200,1163.075106,984,0.15031036734580994
308.32855,200,1165.456207,985,0.21635930240154266
202.69633,200,1165.456207,986,0.21635930240154266
305.18936,200,1167.986401,987,0.14742901921272278
397.99548,200,1167.986401,988,0.14742901921272278
224.55716,200,1170.304144,989,0.06796254217624664
207.67265,200,1170.304144,990,0.06796254217624664
155.61098,200,1172.538476,991,0.16574767231941223
213.07204,200,1172.538476,992,0.16574767231941223
208.85513,200,1174.745155,993,0.24574486911296844
307.70654,200,1174.745155,994,0.24574486911296844
219.18973,200,1177.159547,995,0.10972218215465546
398.53116,200,1177.159547,996,0.10972218215465546
306.90576,200,1179.575904,997,0.11681443452835083
301.58414,200,1179.575904,998,0.11681443452835083
303.22696,200,1181.942247,999,0.11998046189546585
218.12738,200,1181.943247,1000,0.11998046189546585
399.1979,200,1184.221561,1001,0.11438284069299698
298.5105,200,1184.221561,1002,0.11438284069299698
399.14493,200,1186.826545,1003,0.1381007432937622
217.94724,200,1186.826545,1004,0.1381007432937622
217.7138,200,1188.88252,1005,0.10537023842334747
398.66034,200,1188.88252,1006,0.10537023842334747
303.2798,200,1191.043243,1007,0.1714165210723877
300.9308,200,1191.043243,1008,0.1714165210723877
301.66183,200,1193.393177,1009,0.13999098539352417
310.846,200,1193.393177,1010,0.13999098539352417
305.09952,200,1195.718148,1011,0.1191491037607193
219.28632,200,1195.718148,1012,0.1191491037607193
228.28546,200,1198.162453,1013,0.24854080379009247
211.35992,200,1198.163453,1014,0.24854080379009247
303.5522,200,1200.54268,1015,0.1503656506538391
301.1773,200,1200.543682,1016,0.1503656506538391
300.62842,200,1202.877125,1017,0.11488579213619232
214.02252,200,1202.877125,1018,0.11488579213619232
182.71254,200,1205.038108,1019,0.25686752796173096
304.40973,200,1205.038108,1020,0.25686752796173096
300.84558,200,1207.3232,1021,0.4890202581882477
302.7998,200,1207.3232,1022,0.4890202581882477
307.07608,200,1209.530405,1023,0.10279471427202225
303.29166,200,1209.530405,1024,0.10279471427202225
305.80753,200,1211.864434,1025,0.4214487373828888
398.4977,200,1211.864434,1026,0.4214487373828888
171.92151,200,1214.419486,1027,0.21801313757896423
301.1717,200,1214.419486,1028,0.21801313757896423
227.24301,200,1216.785047,1029,0.10138781368732452
305.92184,200,1216.785047,1030,0.10138781368732452
306.739,200,1219.193692,1031,0.13786131143569946
299.41785,200,1219.193692,1032,0.13786131143569946
306.69913,200,1221.489372,1033,0.12406116724014282
307.6809,200,1221.490375,1034,0.12406116724014282
300.42993,200,1223.640621,1035,0.1008743941783905
205.51114,200,1223.641626,1036,0.1008743941783905
217.07042,200,1226.12483,1037,0.13854646682739258
307.3888,200,1226.12483,1038,0.13854646682739258
227.3162,200,1228.476874,1039,0.09396673738956451
299.45227,200,1228.476874,1040,0.09396673738956451
306.9,200,1231.041256,1041,0.18158724904060364
398.99133,200,1231.042256,1042,0.18158724904060364
298.81943,200,1233.558514,1043,0.2513444721698761
218.48036,200,1233.558514,1044,0.2513444721698761
304.88428,200,1236.030845,1045,0.09989011287689209
302.97604,200,1236.030845,1046,0.09989011287689209
299.24863,200,1238.375784,1047,0.19716951251029968
302.27008,200,1238.375784,1048,0.19716951251029968
297.5183,200,1240.792445,1049,0.10031549632549286
302.29404,200,1240.792445,1050,0.10031549632549286
223.6743,200,1243.078105,1051,0.10433745384216309
225.75394,200,1243.078105,1052,0.10433745384216309
222.37202,200,1245.440797,1053,0.16764846444129944
305.60144,200,1245.440797,1054,0.16764846444129944
226.27005,200,1247.776577,1055,0.139791339635849
397.69482,200,1247.776577,1056,0.139791339635849
306.6798,200,1250.155065,1057,0.10692281275987625
148.52333,200,1250.155065,1058,0.10692281275987625
297.5864,200,1252.498428,1059,0.1569211184978485
214.07825,200,1252.498428,1060,0.1569211184978485
216.89685,200,1254.938115,1061,0.13940772414207458
304.5015,200,1254.938115,1062,0.13940772414207458
228.51013,200,1257.297008,1063,0.42341867089271545
297.45428,200,1257.297008,1064,0.42341867089271545
309.39838,200,1259.692823,1065,0.23488730192184448
304.3267,200,1259.692823,1066,0.23488730192184448
300.9703,200,1262.140448,1067,0.20357093214988708
226.65038,200,1262.140448,1068,0.20357093214988708
307.04764,200,1264.373829,1069,0.12907058000564575
215.87425,200,1264.373829,1070,0.12907058000564575
309.2944,200,1266.749533,1071,0.2054443508386612
300.9919,200,1266.749533,1072,0.2054443508386612
214.44933,200,1269.046136,1073,0.11215125024318695
398.91257,200,1269.047137,1074,0.11215125024318695
305.6069,200,1271.49545,1075,0.161529541015625
309.64383,200,1271.49545,1076,0.161529541015625
398.04,200,1274.007796,1077,0.17132079601287842
309.5946,200,1274.007796,1078,0.17132079601287842
304.0511,200,1276.472388,1079,0.15235796570777893
296.66605,200,1276.472388,1080,0.15235796570777893
223.72214,200,1279.192178,1081,0.15975427627563477
209.80577,200,1279.192178,1082,0.15975427627563477
219.13936,200,1281.520288,1083,0.12716257572174072
306.36633,200,1281.520288,1084,0.12716257572174072
303.5453,200,1283.949783,1085,0.13611461222171783
207.7532,200,1283.949783,1086,0.13611461222171783
219.25104,200,1286.347165,1087,0.20074979960918427
299.57678,200,1286.347165,1088,0.20074979960918427
218.53008,200,1288.613558,1089,0.10146625339984894
217.86172,200,1288.613558,1090,0.10146625339984894
398.8143,200,1291.023503,1091,0.18552620708942413
301.07068,200,1291.023503,1092,0.18552620708942413
397.80078,200,1293.677886,1093,0.21012885868549347
305.89258,200,1293.677886,1094,0.21012885868549347
308.12805,200,1296.185204,1095,0.10205540060997009
305.86414,200,1296.185204,1096,0.10205540060997009
308.46045,200,1298.813724,1097,0.16429084539413452
399.0457,200,1298.813724,1098,0.16429084539413452
217.97029,200,1301.220461,1099,0.21711981296539307
304.0511,200,1301.220461,1100,0.21711981296539307
153.33919,200,1303.489158,1101,0.15562939643859863
309.43808,200,1303.489158,1102,0.15562939643859863
149.11652,200,1305.847714,1103,0.12230944633483887
212.22156,200,1305.847714,1104,0.12230944633483887
306.8198,200,1308.105401,1105,0.10403633862733841
308.45398,200,1308.105401,1106,0.10403633862733841
213.01001,200,1310.625533,1107,0.13803112506866455
301.94717,200,1310.626533,1108,0.13803112506866455
194.7533,200,1313.053537,1109,0.3621508777141571
307.7837,200,1313.053537,1110,0.3621508777141571
309.26294,200,1315.656763,1111,0.2480088770389557
395.8122,200,1315.656763,1112,0.2480088770389557
305.85562,200,1318.205311,1113,0.08642193675041199
397.01016,200,1318.205311,1114,0.08642193675041199
229.54642,200,1320.430289,1115,0.12433461844921112
305.04807,200,1320.430289,1116,0.12433461844921112
221.76749,200,1322.876859,1117,0.07944650948047638
303.47186,200,1322.876859,1118,0.07944650948047638
218.58636,200,1325.323835,1119,0.13741955161094666
305.81702,200,1325.323835,1120,0.13741955161094666
301.8549,200,1327.830351,1121,0.28216004371643066
301.38815,200,1327.830351,1122,0.28216004371643066
215.34088,200,1330.405142,1123,0.27197661995887756
399.017,200,1330.405142,1124,0.27197661995887756
300.74866,200,1333.050647,1125,0.18956443667411804
219.40347,200,1333.050647,1126,0.18956443667411804
398.97986,200,1335.592511,1127,0.114359050989151
303.9818,200,1335.592511,1128,0.114359050989151
303.8882,200,1338.088435,1129,0.22895696759223938
301.80676,200,1338.088435,1130,0.22895696759223938
306.51025,200,1340.26915,1131,0.17842155694961548
221.05157,200,1340.26915,1132,0.17842155694961548
303.34613,200,1342.523583,1133,0.13205742835998535
310.9494,200,1342.523583,1134,0.13205742835998535
305.72632,200,1344.586216,1135,0.13787055015563965
300.28592,200,1344.586216,1136,0.13787055015563965
304.35202,200,1346.852305,1137,0.1659041941165924
226.71484,200,1346.852305,1138,0.1659041941165924
216.48227,200,1349.228492,1139,0.2228822112083435
397.62656,200,1349.228492,1140,0.2228822112083435
214.98381,200,1351.772932,1141,0.07493415474891663
178.77425,200,1351.772932,1142,0.07493415474891663
302.73184,200,1353.867249,1143,0.21519125998020172
308.0191,200,1353.867249,1144,0.21519125998020172
217.08476,200,1356.026446,1145,0.09809432178735733
228.32002,200,1356.026446,1146,0.09809432178735733
306.6778,200,1358.312679,1147,0.09062060713768005
217.81314,200,1358.312679,1148,0.09062060713768005
305.00882,200,1360.464202,1149,0.17410843074321747
304.20856,200,1360.464202,1150,0.17410843074321747
305.67593,200,1362.555444,1151,0.231273353099823
306.98627,200,1362.555444,1152,0.231273353099823
216.67676,200,1364.767156,1153,0.09115774929523468
307.76666,200,1364.767156,1154,0.09115774929523468
303.08243,200,1367.307286,1155,0.1730515956878662
304.59982,200,1367.307286,1156,0.1730515956878662
204.43855,200,1369.42325,1157,0.22005751729011536
216.95947,200,1369.42325,1158,0.22005751729011536
213.48051,200,1371.812498,1159,0.18474502861499786
224.97067,200,1371.812498,1160,0.18474502861499786
302.0602,200,1374.142437,1161,0.2283955067396164
223.1221,200,1374.142437,1162,0.2283955067396164
379.78708,200,1376.399221,1163,0.1384599506855011
214.25854,200,1376.399221,1164,0.1384599506855011
208.70059,200,1378.656111,1165,0.129953071475029
222.86148,200,1378.656111,1166,0.129953071475029
301.6651,200,1380.832192,1167,0.151691734790802
304.73746,200,1380.832192,1168,0.151691734790802
305.35513,200,1383.107318,1169,0.1542045772075653
398.84988,200,1383.107318,1170,0.1542045772075653
399.0501,200,1385.333883,1171,0.10674676299095154
308.1494,200,1385.333883,1172,0.10674676299095154
305.99652,200,1387.660611,1173,0.22378548979759216
307.387,200,1387.660611,1174,0.22378548979759216
299.1434,200,1389.9523,1175,0.10224717855453491
398.41833,200,1389.9523,1176,0.10224717855453491
309.19046,200,1392.280084,1177,0.3675946891307831
224.91817,200,1392.280084,1178,0.3675946891307831
305.20984,200,1394.496511,1179,0.12373366206884384
306.7674,200,1394.496511,1180,0.12373366206884384
304.62283,200,1396.691327,1181,0.14124388992786407
398.91364,200,1396.691327,1182,0.14124388992786407
303.0873,200,1399.069155,1183,0.1552395522594452
221.40569,200,1399.069155,1184,0.1552395522594452
219.66084,200,1401.484913,1185,0.09535636007785797
209.83986,200,1401.484913,1186,0.09535636007785797
185.49837,200,1403.762513,1187,0.26367080211639404
300.0475,200,1403.762513,1188,0.26367080211639404
300.48087,200,1405.903304,1189,0.14868512749671936
305.61835,200,1405.903304,1190,0.14868512749671936
312.09933,200,1408.324587,1191,0.138485386967659
390.43338,200,1408.324587,1192,0.138485386967659
308.4808,200,1410.474908,1193,0.09636203199625015
304.5336,200,1410.474908,1194,0.09636203199625015
311.0835,200,1412.563701,1195,0.12724298238754272
304.33762,200,1412.563701,1196,0.12724298238754272
304.1428,200,1414.656355,1197,0.13895441591739655
298.75183,200,1414.656355,1198,0.13895441591739655
310.3275,200,1416.852713,1199,0.269933819770813
302.68417,200,1416.852713,1200,0.269933819770813
217.62305,200,1419.014854,1201,0.1058209165930748
379.11145,200,1419.014854,1202,0.1058209165930748
309.61356,200,1421.171364,1203,0.37507131695747375
300.47552,200,1421.171364,1204,0.37507131695747375
300.73563,200,1423.506341,1205,0.11371880024671555
300.61438,200,1423.506341,1206,0.11371880024671555
226.09258,200,1425.804431,1207,0.07922437787055969
212.69548,200,1425.804431,1208,0.07922437787055969
218.90437,200,1428.067618,1209,0.10712961852550507
217.7915,200,1428.067618,1210,0.10712961852550507
304.20752,200,1430.22377,1211,0.3883039057254791
304.76743,200,1430.22377,1212,0.3883039057254791
218.62798,200,1432.2992,1213,0.13533607125282288
377.2067,200,1432.2992,1214,0.13533607125282288
304.58618,200,1434.66028,1215,0.12885983288288116
398.4235,200,1434.66028,1216,0.12885983288288116
298.43814,200,1436.925195,1217,0.06737031042575836
302.46967,200,1436.925195,1218,0.06737031042575836
299.88968,200,1439.319747,1219,0.30033865571022034
304.88202,200,1439.319747,1220,0.30033865571022034
304.11667,200,1441.540178,1221,0.1011044904589653
398.61902,200,1441.540178,1222,0.1011044904589653
127.13253,200,1443.836528,1223,0.4601576328277588
399.17673,200,1443.836528,1224,0.4601576328277588
303.747,200,1446.03234,1225,0.11057130992412567
307.6364,200,1446.03234,1226,0.11057130992412567
307.4708,200,1448.431149,1227,0.21967282891273499
309.01385,200,1448.431149,1228,0.21967282891273499
398.43997,200,1450.648231,1229,0.1580781489610672
303.77783,200,1450.648231,1230,0.1580781489610672
305.38016,200,1452.964569,1231,0.2320224791765213
302.36578,200,1452.964569,1232,0.2320224791765213
212.5427,200,1455.414943,1233,0.20704008638858795
306.97205,200,1455.415941,1234,0.20704008638858795
210.05756,200,1457.843498,1235,0.05652677267789841
308.2182,200,1457.843498,1236,0.05652677267789841
133.12119,200,1460.237973,1237,0.3520188331604004
303.81097,200,1460.239476,1238,0.3520188331604004
398.98315,200,1462.682333,1239,0.11697360873222351
307.25125,200,1462.682333,1240,0.11697360873222351
218.26767,200,1465.0715,1241,0.09287301450967789
398.9029,200,1465.0715,1242,0.09287301450967789
302.84094,200,1467.900249,1243,0.20062942802906036
305.93417,200,1467.900249,1244,0.20062942802906036
305.25128,200,1470.272153,1245,0.24212181568145752
309.30548,200,1470.272153,1246,0.24212181568145752
209.395,200,1472.623376,1247,0.12171891331672668
202.2799,200,1472.623376,1248,0.12171891331672668
300.29736,200,1474.85168,1249,0.12803223729133606
309.01523,200,1474.85168,1250,0.12803223729133606
227.13672,200,1477.201385,1251,0.18237146735191345
309.83292,200,1477.201385,1252,0.18237146735191345
218.8189,200,1479.64007,1253,0.16572082042694092
309.10934,200,1479.64007,1254,0.16572082042694092
300.01828,200,1481.987975,1255,0.24016529321670532
228.07654,200,1481.987975,1256,0.24016529321670532
219.6389,200,1484.436273,1257,0.1695762574672699
305.91513,200,1484.436273,1258,0.1695762574672699
216.26585,200,1486.83603,1259,0.1575680673122406
302.12018,200,1486.83603,1260,0.1575680673122406
305.8795,200,1489.370448,1261,0.21016031503677368
226.05904,200,1489.370448,1262,0.21016031503677368
399.05954,200,1491.671135,1263,0.11394500732421875
308.61502,200,1491.671135,1264,0.11394500732421875
305.86322,200,1493.949397,1265,0.0845041275024414
301.5933,200,1493.949397,1266,0.0845041275024414
301.87906,200,1496.386616,1267,0.11325160413980484
215.75609,200,1496.387617,1268,0.11325160413980484
299.62933,200,1498.826166,1269,0.11245861649513245
310.69543,200,1498.827167,1270,0.11245861649513245
309.45093,200,1501.331353,1271,0.08441457152366638
222.31209,200,1501.331353,1272,0.08441457152366638
309.51135,200,1503.941931,1273,0.18038716912269592
220.6428,200,1503.941931,1274,0.18038716912269592
307.83908,200,1506.306945,1275,0.2030314952135086
398.069,200,1506.306945,1276,0.2030314952135086
303.3738,200,1508.869458,1277,0.20287376642227173
304.72244,200,1508.869458,1278,0.20287376642227173
224.23535,200,1511.255421,1279,0.10005258023738861
299.21497,200,1511.255421,1280,0.10005258023738861
304.14923,200,1513.474216,1281,0.2846125066280365
397.69946,200,1513.475224,1282,0.2846125066280365
392.10492,200,1515.877253,1283,0.1514926701784134
135.19899,200,1515.877253,1284,0.1514926701784134
303.9033,200,1518.402622,1285,0.4169163703918457
305.65146,200,1518.402622,1286,0.4169163703918457
225.10878,200,1520.741724,1287,0.07721062004566193
143.5642,200,1520.741724,1288,0.07721062004566193
214.68672,200,1523.253533,1289,0.2554110288619995
228.02687,200,1523.253533,1290,0.2554110288619995
305.8217,200,1525.881359,1291,0.134470134973526
306.68707,200,1525.881359,1292,0.134470134973526
399.2114,200,1528.21848,1293,0.1250297576189041
301.29022,200,1528.21848,1294,0.1250297576189041
399.07053,200,1530.471984,1295,0.08700447529554367
305.4826,200,1530.471984,1296,0.08700447529554367
301.53534,200,1532.859267,1297,0.18504922091960907
300.41687,200,1532.859267,1298,0.18504922091960907
309.61087,200,1535.223905,1299,0.13141179084777832
300.9297,200,1535.223905,1300,0.13141179084777832
222.48686,200,1537.720683,1301,0.1435578465461731
303.09393,200,1537.720683,1302,0.1435578465461731
398.64886,200,1540.157109,1303,0.15068522095680237
307.51782,200,1540.157109,1304,0.15068522095680237
306.88232,200,1542.734422,1305,0.15505465865135193
300.15204,200,1542.734422,1306,0.15505465865135193
378.74634,200,1545.372453,1307,0.3412805199623108
309.16086,200,1545.372453,1308,0.3412805199623108
230.75955,200,1547.721985,1309,0.13366574048995972
399.22754,200,1547.721985,1310,0.13366574048995972
299.3817,200,1550.038521,1311,0.11568853259086609
399.15842,200,1550.038521,1312,0.11568853259086609
306.5046,200,1552.467753,1313,0.08541997522115707
307.8562,200,1552.467753,1314,0.08541997522115707
205.47089,200,1554.755396,1315,0.2742404639720917
304.00388,200,1554.755396,1316,0.2742404639720917
306.8455,200,1557.35221,1317,0.2277941107749939
304.87808,200,1557.35221,1318,0.2277941107749939
219.4258,200,1560.099272,1319,0.3038844168186188
228.23273,200,1560.099272,1320,0.3038844168186188
163.52724,200,1562.759534,1321,0.18830707669258118
159.82983,200,1562.759534,1322,0.18830707669258118
222.06578,200,1565.296191,1323,0.1552092581987381
304.4994,200,1565.296191,1324,0.1552092581987381
302.49197,200,1567.745128,1325,0.06287487596273422
398.8902,200,1567.745128,1326,0.06287487596273422
304.9912,200,1570.028145,1327,0.12376777827739716
220.03474,200,1570.028145,1328,0.12376777827739716
307.2861,200,1572.332743,1329,0.08939783275127411
307.7234,200,1572.332743,1330,0.08939783275127411
215.52206,200,1574.766723,1331,0.3216630816459656
307.43237,200,1574.766723,1332,0.3216630816459656
217.08188,200,1576.833496,1333,0.18949076533317566
208.94078,200,1576.833496,1334,0.18949076533317566
226.29054,200,1579.030886,1335,0.7046341300010681
304.6024,200,1579.030886,1336,0.7046341300010681
210.77055,200,1581.542242,1337,0.2502674460411072
139.5003,200,1581.542242,1338,0.2502674460411072
297.22894,200,1583.742506,1339,0.11902016401290894
297.71472,200,1583.742506,1340,0.11902016401290894
227.19682,200,1586.051601,1341,0.1076495498418808
221.16606,200,1586.051601,1342,0.1076495498418808
303.50848,200,1588.516311,1343,0.187527596950531
218.12254,200,1588.516311,1344,0.187527596950531
227.96127,200,1590.969796,1345,0.1506967544555664
226.17903,200,1590.969796,1346,0.1506967544555664
303.9507,200,1593.105692,1347,0.15251776576042175
300.52478,200,1593.105692,1348,0.15251776576042175
298.65253,200,1595.140074,1349,0.20917844772338867
397.00797,200,1595.140074,1350,0.20917844772338867
303.57288,200,1597.405605,1351,0.10597728192806244
308.4529,200,1597.405605,1352,0.10597728192806244
398.6012,200,1599.42836,1353,0.1085808202624321
308.2826,200,1599.42836,1354,0.1085808202624321
307.72723,200,1601.901436,1355,0.11263608932495117
304.9671,200,1601.901436,1356,0.11263608932495117
308.53958,200,1604.262246,1357,0.259145051240921
396.80164,200,1604.262246,1358,0.259145051240921
398.93027,200,1606.576508,1359,0.14032679796218872
220.90462,200,1606.576508,1360,0.14032679796218872
305.42596,200,1608.735092,1361,0.461989164352417
307.1533,200,1608.735092,1362,0.461989164352417
211.19095,200,1610.769609,1363,0.13764896988868713
224.82088,200,1610.769609,1364,0.13764896988868713
306.59686,200,1613.162086,1365,0.23668216168880463
301.86197,200,1613.162086,1366,0.23668216168880463
302.9685,200,1615.717579,1367,0.11657731980085373
397.99997,200,1615.717579,1368,0.11657731980085373
399.04443,200,1618.03184,1369,0.11366148293018341
307.10452,200,1618.03184,1370,0.11366148293018341
298.95142,200,1620.392357,1371,0.10656126588582993
219.97763,200,1620.392357,1372,0.10656126588582993
301.79523,200,1622.894564,1373,0.08594086021184921
208.81538,200,1622.894564,1374,0.08594086021184921
304.52295,200,1625.027441,1375,0.08978995680809021
300.36353,200,1625.027441,1376,0.08978995680809021
225.19176,200,1627.354775,1377,0.15798020362854004
302.37637,200,1627.354775,1378,0.15798020362854004
215.6791,200,1629.595778,1379,0.143544539809227
309.73593,200,1629.595778,1380,0.143544539809227
399.08664,200,1631.79826,1381,0.25522488355636597
305.04666,200,1631.79826,1382,0.25522488355636597
210.01027,200,1634.353687,1383,0.43392670154571533
398.9127,200,1634.353687,1384,0.43392670154571533
300.85297,200,1636.734178,1385,0.2489880472421646
303.2779,200,1636.734178,1386,0.2489880472421646
223.57382,200,1638.887258,1387,0.18961690366268158
175.19792,200,1638.887258,1388,0.18961690366268158
305.98782,200,1641.149666,1389,0.059620387852191925
215.56953,200,1641.149666,1390,0.059620387852191925
204.42584,200,1643.422678,1391,0.11944052577018738
305.20667,200,1643.422678,1392,0.11944052577018738
398.72092,200,1645.737314,1393,0.10759767144918442
399.31622,200,1645.737314,1394,0.10759767144918442
224.37271,200,1648.130464,1395,0.19007426500320435
220.50871,200,1648.130464,1396,0.19007426500320435
305.3387,200,1650.616404,1397,0.13077214360237122
191.91348,200,1650.616404,1398,0.13077214360237122
306.12012,200,1653.060405,1399,0.08792471140623093
299.06454,200,1653.060405,1400,0.08792471140623093
304.68365,200,1655.359551,1401,0.1381429135799408
307.1717,200,1655.359551,1402,0.1381429135799408
223.54585,200,1657.710396,1403,0.10323544591665268
306.21042,200,1657.710396,1404,0.10323544591665268
227.56529,200,1659.979121,1405,0.30455926060676575
293.42886,200,1659.979121,1406,0.30455926060676575
211.78423,200,1662.214868,1407,0.18172749876976013
396.924,200,1662.214868,1408,0.18172749876976013
303.28857,200,1664.618197,1409,0.14503693580627441
306.5722,200,1664.618197,1410,0.14503693580627441
303.20245,200,1666.855643,1411,0.10740861296653748
308.12787,200,1666.855643,1412,0.10740861296653748
305.52298,200,1669.019463,1413,0.19173143804073334
300.4831,200,1669.019463,1414,0.19173143804073334
183.3215,200,1671.30328,1415,0.17735478281974792
304.6249,200,1671.30328,1416,0.17735478281974792
226.42805,200,1673.674234,1417,0.1129070594906807
304.30368,200,1673.674234,1418,0.1129070594906807
303.3233,200,1676.063177,1419,0.17678895592689514
304.85718,200,1676.063177,1420,0.17678895592689514
223.96027,200,1678.20207,1421,0.2135460078716278
213.04561,200,1678.20207,1422,0.2135460078716278
300.73956,200,1680.597419,1423,0.24877649545669556
146.17834,200,1680.597419,1424,0.24877649545669556
397.92932,200,1682.972432,1425,0.12005902826786041
302.148,200,1682.972432,1426,0.12005902826786041
300.73785,200,1685.073108,1427,0.07427257299423218
304.85397,200,1685.073108,1428,0.07427257299423218
398.72208,200,1687.322171,1429,0.11826632916927338
300.9216,200,1687.322171,1430,0.11826632916927338
306.04422,200,1689.839797,1431,0.08019071817398071
304.00928,200,1689.839797,1432,0.08019071817398071
399.38724,200,1692.082026,1433,0.11132419109344482
300.98163,200,1692.082026,1434,0.11132419109344482
304.61816,200,1694.513995,1435,0.22795572876930237
220.46074,200,1694.513995,1436,0.22795572876930237
399.16623,200,1697.215564,1437,0.13081273436546326
308.32373,200,1697.215564,1438,0.13081273436546326
307.40427,200,1699.708206,1439,0.2322562336921692
304.7178,200,1699.708206,1440,0.2322562336921692
305.84995,200,1702.04557,1441,0.2749202251434326
398.71463,200,1702.04557,1442,0.2749202251434326
397.83737,200,1704.346512,1443,0.1856660544872284
302.58682,200,1704.346512,1444,0.1856660544872284
307.9839,200,1706.561837,1445,0.176620751619339
222.4565,200,1706.561837,1446,0.176620751619339
229.06483,200,1708.832625,1447,0.26712146401405334
399.26242,200,1708.832625,1448,0.26712146401405334
308.24857,200,1711.295654,1449,0.12762990593910217
224.75671,200,1711.295654,1450,0.12762990593910217
308.75018,200,1713.62228,1451,0.5751112103462219
398.88766,200,1713.62228,1452,0.5751112103462219
398.3604,200,1715.929052,1453,0.10649338364601135
226.8833,200,1715.929052,1454,0.10649338364601135
308.90567,200,1718.341187,1455,0.0865873396396637
309.98254,200,1718.341187,1456,0.0865873396396637
291.58432,200,1720.643453,1457,0.076112300157547
301.21735,200,1720.643453,1458,0.076112300157547
224.95451,200,1722.925557,1459,0.0935620367527008
307.21655,200,1722.925557,1460,0.0935620367527008
306.12225,200,1725.180072,1461,0.1291574090719223
397.8928,200,1725.180072,1462,0.1291574090719223
305.3343,200,1727.457773,1463,0.14199143648147583
295.24283,200,1727.457773,1464,0.14199143648147583
228.58102,200,1729.863905,1465,0.16674873232841492
398.90274,200,1729.863905,1466,0.16674873232841492
398.64386,200,1732.320741,1467,0.20806825160980225
311.23557,200,1732.320741,1468,0.20806825160980225
303.9371,200,1734.75912,1469,0.09046241641044617
205.7378,200,1734.75912,1470,0.09046241641044617
215.3993,200,1737.260093,1471,0.11603888869285583
212.25215,200,1737.260093,1472,0.11603888869285583
397.6011,200,1739.617671,1473,0.1454717218875885
399.21967,200,1739.617671,1474,0.1454717218875885
304.4515,200,1741.903938,1475,0.756512463092804
229.79752,200,1741.903938,1476,0.756512463092804
305.48154,200,1744.306392,1477,0.10938906669616699
229.16382,200,1744.306392,1478,0.10938906669616699
305.7342,200,1746.60196,1479,0.2720574140548706
398.04648,200,1746.602961,1480,0.2720574140548706
306.28522,200,1749.045822,1481,0.3022260069847107
303.49838,200,1749.045822,1482,0.3022260069847107
226.17242,200,1751.392294,1483,0.10840613394975662
306.3947,200,1751.392294,1484,0.10840613394975662
398.2723,200,1754.044139,1485,0.22991523146629333
395.46613,200,1754.044139,1486,0.22991523146629333
305.9058,200,1756.571595,1487,0.10113319754600525
300.25546,200,1756.571595,1488,0.10113319754600525
306.21957,200,1758.819526,1489,0.26218661665916443
398.78152,200,1758.819526,1490,0.26218661665916443
202.79146,200,1761.17736,1491,0.252790242433548
306.6657,200,1761.17736,1492,0.252790242433548
299.4131,200,1763.482615,1493,0.1889476478099823
306.15265,200,1763.482615,1494,0.1889476478099823
220.9413,200,1765.713981,1495,0.1613035500049591
218.65166,200,1765.714982,1496,0.1613035500049591
307.97092,200,1768.112202,1497,0.25067827105522156
310.64285,200,1768.112202,1498,0.25067827105522156
304.8811,200,1770.697165,1499,0.17269843816757202
309.94122,200,1770.697165,1500,0.17269843816757202
311.64258,200,1773.389083,1501,0.18146353960037231
208.84897,200,1773.389083,1502,0.18146353960037231
307.71884,200,1775.83218,1503,0.20044571161270142
299.5765,200,1775.83218,1504,0.20044571161270142
221.25334,200,1778.106308,1505,0.16995730996131897
298.9905,200,1778.106308,1506,0.16995730996131897
198.94815,200,1780.505543,1507,0.13670137524604797
305.11224,200,1780.505543,1508,0.13670137524604797
396.50974,200,1782.797943,1509,0.06008628010749817
213.03319,200,1782.797943,1510,0.06008628010749817
225.65787,200,1785.196484,1511,0.10671599209308624
224.90648,200,1785.196484,1512,0.10671599209308624
302.50705,200,1787.622111,1513,0.24049097299575806
218.18794,200,1787.622111,1514,0.24049097299575806
302.2861,200,1790.230549,1515,0.3004969358444214
212.331,200,1790.230549,1516,0.3004969358444214
301.8724,200,1792.767575,1517,0.24356767535209656
307.01266,200,1792.767575,1518,0.24356767535209656
307.98856,200,1795.380239,1519,0.12292563915252686
398.1392,200,1795.381237,1520,0.12292563915252686
222.42436,200,1797.869304,1521,0.2658550441265106
305.5493,200,1797.869304,1522,0.2658550441265106
222.71042,200,1800.205322,1523,0.31088125705718994
397.35245,200,1800.205322,1524,0.31088125705718994
305.92383,200,1802.687,1525,0.1820187121629715
228.75313,200,1802.687,1526,0.1820187121629715
303.92355,200,1805.102726,1527,0.19740045070648193
206.53508,200,1805.102726,1528,0.19740045070648193
309.96033,200,1807.661474,1529,0.0892333984375
306.08722,200,1807.661474,1530,0.0892333984375
228.11595,200,1810.210644,1531,0.20467422902584076
305.51788,200,1810.210644,1532,0.20467422902584076
228.36827,200,1812.745126,1533,0.06625744700431824
396.188,200,1812.745126,1534,0.06625744700431824
224.0601,200,1815.297995,1535,0.06846792995929718
308.66995,200,1815.297995,1536,0.06846792995929718
301.451,200,1817.511463,1537,0.09279708564281464
301.11517,200,1817.511463,1538,0.09279708564281464
305.274,200,1820.016737,1539,0.1430823653936386
212.35799,200,1820.016737,1540,0.1430823653936386
398.23444,200,1822.185423,1541,0.09930913150310516
304.06116,200,1822.186431,1542,0.09930913150310516
398.36722,200,1824.219194,1543,0.25148022174835205
204.52412,200,1824.219194,1544,0.25148022174835205
217.38611,200,1826.470557,1545,1.1320593357086182
306.6167,200,1826.470557,1546,1.1320593357086182
306.98596,200,1828.882029,1547,0.0703030377626419
227.01785,200,1828.882029,1548,0.0703030377626419
310.9467,200,1831.204038,1549,0.10559333860874176
303.63898,200,1831.204038,1550,0.10559333860874176
304.67825,200,1833.772735,1551,0.22390995919704437
306.11414,200,1833.772735,1552,0.22390995919704437
210.18272,200,1836.373372,1553,0.2137165665626526
398.93277,200,1836.373372,1554,0.2137165665626526
306.1574,200,1838.57049,1555,0.09171028435230255
304.6165,200,1838.57049,1556,0.09171028435230255
399.22147,200,1840.815862,1557,0.24601177871227264
399.01645,200,1840.815862,1558,0.24601177871227264
299.10205,200,1843.31514,1559,0.3641703128814697
210.73105,200,1843.31514,1560,0.3641703128814697
219.63297,200,1845.690363,1561,0.24831579625606537
213.00763,200,1845.690363,1562,0.24831579625606537
306.41354,200,1848.212665,1563,0.12815766036510468
309.00296,200,1848.212665,1564,0.12815766036510468
306.81625,200,1850.350166,1565,0.35899239778518677
305.72964,200,1850.351166,1566,0.35899239778518677
219.36986,200,1852.575397,1567,0.07019618898630142
300.91043,200,1852.575397,1568,0.07019618898630142
228.92857,200,1854.914857,1569,0.14765101671218872
304.3303,200,1854.914857,1570,0.14765101671218872
306.99564,200,1857.305465,1571,0.5335999131202698
305.27994,200,1857.305465,1572,0.5335999131202698
218.00241,200,1859.681018,1573,0.0978735089302063
228.89813,200,1859.681018,1574,0.0978735089302063
309.4585,200,1861.985503,1575,0.18416571617126465
212.24335,200,1861.985503,1576,0.18416571617126465
307.93695,200,1864.222619,1577,0.21224144101142883
219.8144,200,1864.222619,1578,0.21224144101142883
306.01694,200,1866.648528,1579,0.15450480580329895
308.29413,200,1866.648528,1580,0.15450480580329895
303.05856,200,1869.156971,1581,0.14894142746925354
302.283,200,1869.156971,1582,0.14894142746925354
302.30008,200,1871.782856,1583,0.1563434898853302
306.71045,200,1871.782856,1584,0.1563434898853302
307.99127,200,1874.21542,1585,0.1980699747800827
308.61646,200,1874.21542,1586,0.1980699747800827
310.46005,200,1876.38228,1587,0.22244910895824432
299.5107,200,1876.38228,1588,0.22244910895824432
223.49446,200,1878.726281,1589,0.1347973644733429
310.51184,200,1878.726281,1590,0.1347973644733429
303.0373,200,1880.890393,1591,0.31639254093170166
217.11568,200,1880.890393,1592,0.31639254093170166
298.13165,200,1883.256498,1593,0.19667699933052063
219.71487,200,1883.256498,1594,0.19667699933052063
226.39981,200,1885.587423,1595,0.12406644225120544
301.70563,200,1885.587423,1596,0.12406644225120544
306.72595,200,1887.894381,1597,0.14984756708145142
226.2863,200,1887.894381,1598,0.14984756708145142
310.67593,200,1890.249617,1599,0.18856920301914215
308.79517,200,1890.249617,1600,0.18856920301914215
301.36075,200,1892.861116,1601,0.11348754912614822
302.07568,200,1892.861116,1602,0.11348754912614822
304.18277,200,1895.009984,1603,0.48206475377082825
303.72235,200,1895.009984,1604,0.48206475377082825
305.9064,200,1897.283528,1605,0.1316656768321991
311.27905,200,1897.283528,1606,0.1316656768321991
309.77603,200,1899.455021,1607,0.19765439629554749
109.73152,200,1899.455021,1608,0.19765439629554749
180.32932,200,1901.821649,1609,0.08733445405960083
305.04947,200,1901.821649,1610,0.08733445405960083
303.89532,200,1904.412604,1611,0.13167136907577515
227.12715,200,1904.412604,1612,0.13167136907577515
221.30707,200,1906.709069,1613,0.11990659683942795
398.63718,200,1906.709069,1614,0.11990659683942795
210.86598,200,1908.910319,1615,0.13917255401611328
398.5719,200,1908.910319,1616,0.13917255401611328
222.03198,200,1911.167408,1617,0.4867095947265625
307.67142,200,1911.167408,1618,0.4867095947265625
230.0172,200,1913.639512,1619,0.12692752480506897
302.90677,200,1913.639512,1620,0.12692752480506897
300.92462,200,1915.894804,1621,0.2729722857475281
308.23456,200,1915.894804,1622,0.2729722857475281
305.47214,200,1918.070385,1623,0.09030815213918686
304.19562,200,1918.070385,1624,0.09030815213918686
299.79785,200,1920.424188,1625,0.2495901882648468
297.3605,200,1920.424188,1626,0.2495901882648468
309.89703,200,1922.762427,1627,0.09728722274303436
398.6405,200,1922.762427,1628,0.09728722274303436
132.14137,200,1925.026057,1629,0.08649870753288269
308.6992,200,1925.026057,1630,0.08649870753288269
305.51547,200,1927.441153,1631,0.24010317027568817
217.67088,200,1927.442152,1632,0.24010317027568817
304.74246,200,1929.910779,1633,0.21820025146007538
304.78366,200,1929.910779,1634,0.21820025146007538
399.18173,200,1932.307294,1635,0.1745930314064026
122.22785,200,1932.307294,1636,0.1745930314064026
399.1272,200,1934.591373,1637,0.2329481691122055
305.28003,200,1934.591373,1638,0.2329481691122055
300.05435,200,1936.918264,1639,0.16990268230438232
306.00653,200,1936.918264,1640,0.16990268230438232
299.69266,200,1939.186459,1641,0.0941351056098938
396.73138,200,1939.186459,1642,0.0941351056098938
307.14026,200,1941.563467,1643,0.20599687099456787
305.72385,200,1941.563467,1644,0.20599687099456787
305.01862,200,1944.014769,1645,0.23709946870803833
305.6717,200,1944.014769,1646,0.23709946870803833
296.84143,200,1946.340395,1647,0.34746789932250977
307.15344,200,1946.340395,1648,0.34746789932250977
309.17642,200,1948.79306,1649,0.2024857997894287
165.67123,200,1948.79306,1650,0.2024857997894287
302.54095,200,1950.988338,1651,0.17619195580482483
302.0542,200,1950.988338,1652,0.17619195580482483
217.11726,200,1953.43791,1653,0.13036206364631653
306.35342,200,1953.43791,1654,0.13036206364631653
305.0314,200,1955.691414,1655,0.11723193526268005
297.7147,200,1955.691414,1656,0.11723193526268005
300.81097,200,1958.022703,1657,0.3623535633087158
303.17004,200,1958.022703,1658,0.3623535633087158
397.81912,200,1960.528471,1659,0.1678381711244583
219.30402,200,1960.528471,1660,0.1678381711244583
306.41556,200,1963.004434,1661,0.27622097730636597
206.57446,200,1963.004434,1662,0.27622097730636597
309.45636,200,1965.427132,1663,0.0795067548751831
305.96173,200,1965.427132,1664,0.0795067548751831
221.81554,200,1967.909575,1665,0.2888423204421997
297.95187,200,1967.909575,1666,0.2888423204421997
398.41354,200,1970.222135,1667,0.4530787765979767
305.11743,200,1970.222135,1668,0.4530787765979767
311.3834,200,1972.516448,1669,0.11263667792081833
399.11124,200,1972.516448,1670,0.11263667792081833
399.0885,200,1974.846439,1671,0.06873565912246704
306.40756,200,1974.846439,1672,0.06873565912246704
229.00446,200,1977.144391,1673,0.15867596864700317
399.26102,200,1977.144391,1674,0.15867596864700317
222.09982,200,1979.631127,1675,0.20701158046722412
209.89139,200,1979.631127,1676,0.20701158046722412
218.41501,200,1982.087463,1677,0.15709605813026428
399.32193,200,1982.087463,1678,0.15709605813026428
303.11066,200,1984.688472,1679,0.20476853847503662
303.41998,200,1984.688472,1680,0.20476853847503662
311.1387,200,1987.162598,1681,0.3442157506942749
311.184,200,1987.163599,1682,0.3442157506942749
302.7882,200,1989.514733,1683,0.12421328574419022
217.97824,200,1989.51574,1684,0.12421328574419022
222.66504,200,1991.799084,1685,0.24406886100769043
304.1373,200,1991.799084,1686,0.24406886100769043
296.89774,200,1994.024678,1687,0.1310926079750061
299.6147,200,1994.024678,1688,0.1310926079750061
230.07703,200,1996.563495,1689,0.10887257009744644
303.5944,200,1996.564496,1690,0.10887257009744644
307.1727,200,1999.132088,1691,0.14028802514076233
228.13814,200,1999.132088,1692,0.14028802514076233
304.61636,200,2001.646035,1693,0.16662290692329407
308.9296,200,2001.646035,1694,0.16662290692329407
300.43243,200,2004.099192,1695,0.17215490341186523
225.06601,200,2004.099192,1696,0.17215490341186523
305.9929,200,2006.678341,1697,0.1565854549407959
310.65482,200,2006.678341,1698,0.1565854549407959
297.96143,200,2008.973268,1699,0.08239516615867615
308.66855,200,2008.973268,1700,0.08239516615867615
309.0954,200,2011.287261,1701,0.1986127495765686
226.72383,200,2011.287261,1702,0.1986127495765686
304.74097,200,2013.640091,1703,0.32643163204193115
222.91077,200,2013.640091,1704,0.32643163204193115
299.61823,200,2015.922428,1705,0.20514389872550964
218.20096,200,2015.922428,1706,0.20514389872550964
305.9768,200,2018.428451,1707,0.08520510047674179
302.4295,200,2018.428451,1708,0.08520510047674179
211.02805,200,2020.992462,1709,0.14862465858459473
299.14758,200,2020.992462,1710,0.14862465858459473
396.95593,200,2023.474811,1711,0.16785898804664612
303.51083,200,2023.474811,1712,0.16785898804664612
305.41,200,2026.209325,1713,0.057702530175447464
307.10236,200,2026.209325,1714,0.057702530175447464
301.1818,200,2028.815175,1715,0.11946341395378113
307.4589,200,2028.815175,1716,0.11946341395378113
307.93808,200,2031.202226,1717,0.1692984700202942
222.00723,200,2031.202226,1718,0.1692984700202942
301.0614,200,2033.495026,1719,0.15842166543006897
304.0404,200,2033.495026,1720,0.15842166543006897
219.53278,200,2035.957607,1721,0.5286082029342651
303.2044,200,2035.957607,1722,0.5286082029342651
305.65503,200,2038.548239,1723,0.22042019665241241
226.39967,200,2038.548239,1724,0.22042019665241241
219.77284,200,2041.124307,1725,0.20855775475502014
216.94057,200,2041.124307,1726,0.20855775475502014
301.25104,200,2043.682329,1727,0.24810802936553955
300.47916,200,2043.682329,1728,0.24810802936553955
227.3733,200,2046.217767,1729,0.11817162483930588
214.47354,200,2046.217767,1730,0.11817162483930588
397.6571,200,2048.696615,1731,0.16153515875339508
309.88977,200,2048.696615,1732,0.16153515875339508
301.29663,200,2051.029071,1733,0.11991280317306519
217.34093,200,2051.029071,1734,0.11991280317306519
305.59442,200,2053.432383,1735,0.10968320071697235
297.79596,200,2053.432383,1736,0.10968320071697235
306.11942,200,2055.786154,1737,0.15806491672992706
303.6581,200,2055.786154,1738,0.15806491672992706
296.85596,200,2057.901317,1739,0.1681744009256363
224.75603,200,2057.901317,1740,0.1681744009256363
303.12308,200,2060.473548,1741,0.10556305944919586
145.89572,200,2060.473548,1742,0.10556305944919586
225.33084,200,2062.673458,1743,0.2633833885192871
306.31213,200,2062.673458,1744,0.2633833885192871
164.23459,200,2065.029013,1745,0.06453850865364075
224.2949,200,2065.029013,1746,0.06453850865364075
165.52852,200,2067.372217,1747,0.13490140438079834
305.78445,200,2067.372217,1748,0.13490140438079834
208.44589,200,2069.531064,1749,0.1335771679878235
308.87305,200,2069.531064,1750,0.1335771679878235
219.80846,200,2071.803781,1751,0.21034187078475952
307.77036,200,2071.803781,1752,0.21034187078475952
133.47993,200,2074.339259,1753,0.20484626293182373
306.5936,200,2074.339259,1754,0.20484626293182373
398.1713,200,2076.777004,1755,0.2906705141067505
395.28656,200,2076.777004,1756,0.2906705141067505
306.18396,200,2079.35196,1757,0.11506982147693634
305.66302,200,2079.35196,1758,0.11506982147693634
309.80396,200,2081.766425,1759,0.1573471873998642
305.8455,200,2081.766425,1760,0.1573471873998642
396.10825,200,2083.969012,1761,0.2359081506729126
221.97876,200,2083.970018,1762,0.2359081506729126
219.96205,200,2086.312124,1763,0.0913131907582283
303.29688,200,2086.312124,1764,0.0913131907582283
220.57503,200,2088.694452,1765,0.3331969380378723
303.35797,200,2088.694452,1766,0.3331969380378723
307.8693,200,2090.91908,1767,0.12942343950271606
398.97507,200,2090.91908,1768,0.12942343950271606
306.52295,200,2093.015197,1769,0.12052013725042343
397.92267,200,2093.015197,1770,0.12052013725042343
300.18536,200,2095.39216,1771,0.20718427002429962
300.95892,200,2095.39216,1772,0.20718427002429962
223.4524,200,2097.722091,1773,0.22985275089740753
398.71167,200,2097.722091,1774,0.22985275089740753
311.02426,200,2100.199298,1775,0.22766616940498352
218.59288,200,2100.199298,1776,0.22766616940498352
212.79475,200,2102.692317,1777,0.19087402522563934
308.066,200,2102.693317,1778,0.19087402522563934
297.88074,200,2105.224539,1779,0.10572987794876099
228.66061,200,2105.224539,1780,0.10572987794876099
303.08453,200,2107.565553,1781,0.11291737854480743
398.74393,200,2107.565553,1782,0.11291737854480743
219.71011,200,2110.132628,1783,0.5347241759300232
306.1269,200,2110.132628,1784,0.5347241759300232
303.51743,200,2112.629386,1785,0.34215736389160156
310.32578,200,2112.629386,1786,0.34215736389160156
308.56577,200,2115.29717,1787,0.22984866797924042
306.25262,200,2115.29717,1788,0.22984866797924042
305.87723,200,2117.469223,1789,0.2769228518009186
399.0954,200,2117.469223,1790,0.2769228518009186
304.1971,200,2119.710876,1791,0.15428946912288666
306.0136,200,2119.710876,1792,0.15428946912288666
398.4044,200,2122.100248,1793,0.2285110354423523
227.94066,200,2122.101248,1794,0.2285110354423523
308.7147,200,2124.2711,1795,1.204805612564087
301.89523,200,2124.2711,1796,1.204805612564087
210.33865,200,2127.297683,1797,0.13287904858589172
226.52069,200,2127.297683,1798,0.13287904858589172
303.454,200,2129.488171,1799,0.06124541908502579
399.25153,200,2129.488171,1800,0.06124541908502579
308.3267,200,2131.867271,1801,0.14283567667007446
213.37657,200,2131.867271,1802,0.14283567667007446
304.74026,200,2134.094975,1803,0.18039260804653168
304.86868,200,2134.094975,1804,0.18039260804653168
306.97992,200,2136.281207,1805,0.20102621614933014
310.46716,200,2136.281207,1806,0.20102621614933014
304.31616,200,2138.342988,1807,0.2100939303636551
300.47467,200,2138.342988,1808,0.2100939303636551
227.38527,200,2140.620265,1809,0.3962551951408386
304.75137,200,2140.620265,1810,0.3962551951408386
297.9511,200,2142.826314,1811,0.17716003954410553
164.03587,200,2142.826314,1812,0.17716003954410553
217.03891,200,2144.931184,1813,0.3076573610305786
309.1581,200,2144.931184,1814,0.3076573610305786
303.36945,200,2147.192995,1815,0.08721281588077545
300.9481,200,2147.192995,1816,0.08721281588077545
310.28568,200,2149.620256,1817,0.1764768660068512
305.11908,200,2149.620256,1818,0.1764768660068512
163.3292,200,2152.069399,1819,0.27936357259750366
223.36952,200,2152.069399,1820,0.27936357259750366
299.2149,200,2154.156495,1821,0.2135496437549591
311.60587,200,2154.156495,1822,0.2135496437549591
302.64203,200,2156.809977,1823,0.08109064400196075
300.7724,200,2156.809977,1824,0.08109064400196075
304.72794,200,2159.265839,1825,0.06360380351543427
217.87605,200,2159.265839,1826,0.06360380351543427
221.81137,200,2161.495035,1827,0.11495959758758545
301.05228,200,2161.495035,1828,0.11495959758758545
399.19894,200,2163.765478,1829,0.14137476682662964
303.3808,200,2163.765478,1830,0.14137476682662964
224.02954,200,2165.934434,1831,0.10623644292354584
305.67126,200,2165.934434,1832,0.10623644292354584
308.2214,200,2168.161561,1833,0.1679174154996872
301.23236,200,2168.161561,1834,0.1679174154996872
221.3021,200,2170.314155,1835,0.1460203230381012
399.2913,200,2170.314155,1836,0.1460203230381012
208.78516,200,2172.404643,1837,0.40626078844070435
399.20764,200,2172.405644,1838,0.40626078844070435
310.13193,200,2174.629171,1839,0.1905628740787506
306.61783,200,2174.629171,1840,0.1905628740787506
217.13486,200,2177.087516,1841,0.0980272889137268
304.72186,200,2177.087516,1842,0.0980272889137268
399.20596,200,2179.509156,1843,0.1046048104763031
302.00082,200,2179.509156,1844,0.1046048104763031
304.28107,200,2181.811875,1845,0.25410524010658264
308.98532,200,2181.811875,1846,0.25410524010658264
308.62244,200,2183.996432,1847,0.16613180935382843
303.08304,200,2183.996432,1848,0.16613180935382843
397.8564,200,2186.267313,1849,0.10892629623413086
212.62375,200,2186.267313,1850,0.10892629623413086
302.70212,200,2188.689031,1851,0.1300050914287567
300.38562,200,2188.689031,1852,0.1300050914287567
225.63062,200,2191.154415,1853,0.10666046291589737
399.4302,200,2191.154415,1854,0.10666046291589737
210.39192,200,2193.614705,1855,0.2155206799507141
398.67975,200,2193.614705,1856,0.2155206799507141
230.68204,200,2196.098431,1857,0.08565972745418549
224.6555,200,2196.098431,1858,0.08565972745418549
306.51407,200,2198.503496,1859,0.1646893173456192
302.3583,200,2198.503496,1860,0.1646893173456192
398.20428,200,2200.833383,1861,0.1126764565706253
399.20212,200,2200.833383,1862,0.1126764565706253
300.21317,200,2203.251096,1863,0.13394460082054138
398.18182,200,2203.251096,1864,0.13394460082054138
304.92172,200,2205.676296,1865,0.5048850774765015
306.5608,200,2205.676296,1866,0.5048850774765015
397.96362,200,2208.146534,1867,0.3074508011341095
218.9871,200,2208.146534,1868,0.3074508011341095
398.99014,200,2210.641262,1869,0.09006473422050476
303.91605,200,2210.641262,1870,0.09006473422050476
311.1544,200,2213.074414,1871,0.3796979486942291
220.75352,200,2213.074414,1872,0.3796979486942291
227.54616,200,2215.593405,1873,0.09314829856157303
302.5339,200,2215.593405,1874,0.09314829856157303
304.70557,200,2218.011968,1875,0.3469303846359253
300.7558,200,2218.011968,1876,0.3469303846359253
398.8743,200,2220.289445,1877,0.1481633335351944
169.28966,200,2220.289445,1878,0.1481633335351944
221.82278,200,2222.70661,1879,0.34341973066329956
304.94666,200,2222.70661,1880,0.34341973066329956
208.12418,200,2224.999239,1881,0.19127273559570312
302.13318,200,2224.999239,1882,0.19127273559570312
302.72144,200,2227.330014,1883,0.15449108183383942
229.99892,200,2227.330014,1884,0.15449108183383942
217.45212,200,2229.760335,1885,0.09030991047620773
223.45073,200,2229.760335,1886,0.09030991047620773
398.97342,200,2232.149588,1887,0.060402508825063705
303.12665,200,2232.149588,1888,0.060402508825063705
218.08913,200,2234.748086,1889,0.30464431643486023
306.40244,200,2234.748086,1890,0.30464431643486023
304.6111,200,2236.87639,1891,0.1112552136182785
301.34772,200,2236.87639,1892,0.1112552136182785
224.21048,200,2239.300901,1893,0.08886659145355225
228.79399,200,2239.300901,1894,0.08886659145355225
219.00291,200,2241.661633,1895,0.06322227418422699
226.86143,200,2241.661633,1896,0.06322227418422699
297.9817,200,2244.085938,1897,0.12484128028154373
304.5815,200,2244.085938,1898,0.12484128028154373
308.44254,200,2246.565731,1899,0.30864763259887695
397.62125,200,2246.565731,1900,0.30864763259887695
307.87582,200,2249.020127,1901,0.17451104521751404
397.44885,200,2249.020127,1902,0.17451104521751404
225.49854,200,2251.737149,1903,0.17074468731880188
306.6613,200,2251.737149,1904,0.17074468731880188
301.25406,200,2254.430421,1905,0.19120867550373077
308.6726,200,2254.430421,1906,0.19120867550373077
398.04828,200,2256.724281,1907,0.08891086280345917
395.32828,200,2256.724281,1908,0.08891086280345917
307.96164,200,2259.20676,1909,0.07667693495750427
210.94609,200,2259.20776,1910,0.07667693495750427
215.99194,200,2261.680478,1911,0.09146420657634735
222.7554,200,2261.680478,1912,0.09146420657634735
307.10147,200,2264.130536,1913,0.05249079316854477
308.62524,200,2264.130536,1914,0.05249079316854477
226.34966,200,2266.776098,1915,0.15758974850177765
227.77087,200,2266.7771,1916,0.15758974850177765
398.16528,200,2269.439106,1917,0.07026339322328568
309.57275,200,2269.439106,1918,0.07026339322328568
205.23897,200,2271.913407,1919,0.21810367703437805
302.18558,200,2271.913407,1920,0.21810367703437805
311.48795,200,2274.48826,1921,0.4111104905605316
304.65317,200,2274.48826,1922,0.4111104905605316
305.84195,200,2276.975502,1923,0.20518046617507935
228.37881,200,2276.975502,1924,0.20518046617507935
301.23303,200,2279.436285,1925,0.09537532925605774
307.16278,200,2279.436285,1926,0.09537532925605774
218.20096,200,2281.996429,1927,0.10123994946479797
305.83655,200,2281.996429,1928,0.10123994946479797
306.5401,200,2284.633372,1929,0.13376422226428986
215.00787,200,2284.633372,1930,0.13376422226428986
306.08417,200,2287.156093,1931,0.16293033957481384
171.7908,200,2287.156093,1932,0.16293033957481384
304.65402,200,2289.751334,1933,0.11462537944316864
398.57825,200,2289.751334,1934,0.11462537944316864
227.00966,200,2292.287505,1935,0.09021830558776855
299.16357,200,2292.287505,1936,0.09021830558776855
310.07986,200,2294.781696,1937,0.10483229160308838
303.51126,200,2294.781696,1938,0.10483229160308838
304.8819,200,2297.067974,1939,0.2077169418334961
304.8517,200,2297.067974,1940,0.2077169418334961
299.44467,200,2299.515319,1941,0.0626169815659523
305.31094,200,2299.515319,1942,0.0626169815659523
308.97302,200,2301.873104,1943,0.46636366844177246
398.35843,200,2301.873104,1944,0.46636366844177246
200.11533,200,2304.44175,1945,0.08361470699310303
308.09915,200,2304.44175,1946,0.08361470699310303
300.28497,200,2306.710767,1947,0.1543852686882019
210.00052,200,2306.710767,1948,0.1543852686882019
301.93185,200,2309.099724,1949,0.12986329197883606
210.46175,200,2309.099724,1950,0.12986329197883606
203.62157,200,2311.507581,1951,0.19950392842292786
228.80402,200,2311.507581,1952,0.19950392842292786
306.3807,200,2313.797651,1953,0.12166768312454224
399.33792,200,2313.797651,1954,0.12166768312454224
303.74878,200,2316.002822,1955,0.07081019133329391
219.91747,200,2316.002822,1956,0.07081019133329391
225.15605,200,2318.232358,1957,0.13804885745048523
399.1506,200,2318.232358,1958,0.13804885745048523
301.33932,200,2320.713289,1959,0.13802701234817505
118.41766,200,2320.713289,1960,0.13802701234817505
397.92395,200,2323.016841,1961,0.06118772178888321
304.66202,200,2323.016841,1962,0.06118772178888321
210.99673,200,2325.11305,1963,0.2156827449798584
228.67816,200,2325.11305,1964,0.2156827449798584
308.0552,200,2327.324967,1965,0.14817404747009277
304.7891,200,2327.324967,1966,0.14817404747009277
309.0662,200,2329.715225,1967,0.3909728229045868
209.6837,200,2329.715225,1968,0.3909728229045868
211.06987,200,2331.68237,1969,0.15261827409267426
397.93723,200,2331.68237,1970,0.15261827409267426
398.1725,200,2333.801346,1971,0.16655954718589783
399.35745,200,2333.801346,1972,0.16655954718589783
398.75348,200,2336.076893,1973,0.13578827679157257
308.00723,200,2336.076893,1974,0.13578827679157257
223.14868,200,2338.415991,1975,0.5183783769607544
198.79356,200,2338.415991,1976,0.5183783769607544
303.12985,200,2340.900332,1977,0.2226095199584961
211.14934,200,2340.900332,1978,0.2226095199584961
302.73523,200,2343.739533,1979,0.42858123779296875
302.3459,200,2343.739533,1980,0.42858123779296875
310.64926,200,2345.877331,1981,0.32488662004470825
218.93549,200,2345.877331,1982,0.32488662004470825
208.62396,200,2348.215331,1983,0.1249174252152443
302.78973,200,2348.215331,1984,0.1249174252152443
301.25043,200,2350.381314,1985,0.0862780213356018
305.26025,200,2350.381314,1986,0.0862780213356018
303.6977,200,2352.581499,1987,0.16395330429077148
220.71117,200,2352.581499,1988,0.16395330429077148
303.57986,200,2354.861176,1989,0.15326693654060364
305.90298,200,2354.861176,1990,0.15326693654060364
227.26605,200,2357.082647,1991,0.1370667964220047
398.3197,200,2357.082647,1992,0.1370667964220047
304.35425,200,2359.368156,1993,0.11673109233379364
309.11536,200,2359.368156,1994,0.11673109233379364
304.6991,200,2361.655652,1995,0.08814345300197601
206.12271,200,2361.655652,1996,0.08814345300197601
307.96143,200,2363.88778,1997,0.1384839564561844
219.51686,200,2363.88778,1998,0.1384839564561844
306.25504,200,2366.086201,1999,0.17314711213111877
305.7511,200,2366.086201,2000,0.17314711213111877
