Episode,Reward,Loss
1,-123.24972821474077,0.12833493208403096
2,-121.05701039908449,0.09141998696373775
3,-124.81887301206591,0.043763915128074586
4,-123.86300591230396,0.013667501920135692
5,-126.05142914056778,0.004873581099964212
6,-126.34592837095268,0.0023196968718548305
7,-125.28848363757122,0.0014930459213792345
8,-125.61464694142337,0.0012825416901614517
9,-125.29806550145162,0.0013168554430012592
10,-122.37784582935274,0.001405218823638279
11,-125.72874493002888,0.0015795355744194239
12,-124.45776017308233,0.0016225055549875832
13,-125.06747550666333,0.0017021611603558996
14,-117.06734907156786,0.0021114404522813855
15,-125.99695265889176,0.0023896080651320518
16,-125.611334013939,0.0024647722765803338
17,-126.33839918375014,0.0024942050606478004
18,-123.17984371781344,0.0025872848083963616
19,-125.06602708101272,0.0027848270651884377
20,-122.09643267393112,0.0028269963926868514
21,-124.0168477416039,0.003083832632401027
22,-124.0116014838219,0.0031959988188464193
23,-123.73347359895708,0.003135895958985202
24,-124.56722789406783,0.0032240969443228097
25,-124.12456082701694,0.003363179993466474
26,-123.67036718130115,0.003297108427505009
27,-122.58663205802443,0.0031130916101392357
28,-124.85232674479487,0.00309082412510179
29,-114.98698885198684,0.0033768325397977605
30,-120.83958985507488,0.003639997293939814
31,-120.27150103040043,0.0035757877182913942
32,-116.55945560550317,0.003542150442954153
33,-114.1068180960487,0.0035606737999478357
34,-121.75933092832568,0.003507658696034923
35,-117.15942228576166,0.0032342804584186524
36,-122.4232532709837,0.003012272529886104
37,-124.38949633240708,0.0027648492981097663
38,-124.56861935853952,0.0024493870232254267
39,-125.78120211362838,0.002140492300968617
40,-118.81476316712211,0.0020576118218014017
41,-121.77530749440193,0.001872277620714158
42,-126.08686698675159,0.0018213511563953944
43,-119.68407441377632,0.0016723829382681288
44,-122.90957150459295,0.0015138888603542
45,-123.49188341498373,0.001368022581737023
46,-124.58172010779381,0.0013286212924867868
47,-123.83596653938294,0.0012100798946630676
48,-123.28861138820648,0.0011048880477028432
49,-120.47675012648111,0.0010160337695560883
50,-121.1928434537723,0.0009357655863277614
51,-125.50648233294488,0.0008563303660776001
52,-124.1432437121869,0.0008324361516861245
53,-116.08379312558105,0.0007714839924301487
54,-122.84798908829688,0.0006872571422718466
55,-119.77803983539346,0.0006743514545087237
56,-121.96590402722364,0.0006622500445519108
57,-120.92451846897607,0.0006012658306281082
58,-122.27435179948806,0.0005708269828755874
59,-120.31200071945791,0.000596968923782697
60,-120.36028881072995,0.0005915312390425242
61,-124.34897757768633,0.0005545877871190896
62,-118.70910617355254,0.0005183128103089984
63,-121.96081721484667,0.000536357896271511
64,-119.13494554460046,0.0005231148407619913
65,-114.93277671965768,0.0005086550796113442
66,-123.07141804099088,0.0005353644291608362
67,-123.80277593135838,0.000495263913544477
68,-119.75952003598216,0.0004828263423405588
69,-122.65262285172942,0.000522675798565615
70,-121.89690016210078,0.00050525092301541
71,-117.53768838830291,0.0004660229105502367
72,-120.95721121132375,0.0004940908578282688
73,-124.03393514156343,0.00046156416276062375
74,-122.42681691646581,0.00046923230154789054
75,-123.05780949592591,0.0004698837206524331
76,-123.03460139930247,0.0004505545584106585
77,-115.68715778189944,0.0004705159341392573
78,-121.31660638153556,0.0004768777105346089
79,-122.37406371235848,0.0004622799198841676
80,-118.34144488750029,0.0004595149368105922
81,-122.24987970590593,0.00044597711581445765
82,-116.90413552103566,0.0004361489888833603
83,-118.98245322704314,0.0004625959168333793
84,-121.90972187705337,0.00042780497526109687
85,-123.17212395071981,0.0004613009328022599
86,-120.56903237700466,0.00043406094708188904
87,-121.60308457911017,0.0004241135398478946
88,-115.98330472478403,0.0004120733734453097
89,-120.36274308562277,0.0004212727960839402
90,-117.88935585319994,0.0004220237618574174
91,-118.24556700810786,0.0004087495081330417
92,-122.19857934713362,0.0004363178362837061
93,-116.44999045748264,0.0004417388062574901
94,-121.701781141758,0.00042563428214634766
95,-123.93102779388431,0.00044050430049537683
96,-119.62065047882498,0.00042537634624750353
97,-121.4336652889848,0.00040414860763121396
98,-122.79562051892279,0.00041234748736314943
99,-119.06650264263152,0.0004327973260660656
100,-109.23385496009148,0.0004195824997441377
101,-121.09036222696307,0.0004433779916143976
102,-124.71729772686955,0.0004400703569262987
103,-117.28692712821066,0.0004441278820013395
104,-120.46600409448153,0.0004579449474113062
105,-117.4336836636066,0.00046556510184018405
106,-120.91788744330407,0.00046892049213056455
107,-122.2976492643357,0.0004772270715329796
108,-115.8348320962861,0.00046649966563563796
109,-120.130345928669,0.00046893728656868913
110,-121.07232391834256,0.0004938755281182239
111,-122.8445307254792,0.00047386917838593946
112,-119.11806184449237,0.0004611090605612844
113,-123.51379666924477,0.0005121694596891758
114,-119.59669841229913,0.0004954049050866161
115,-117.1569647443482,0.0004969873497611843
116,-118.0097769543528,0.0005285487533546984
117,-120.57805710937829,0.00047635244292905556
118,-118.24095079631077,0.0005377497654990293
119,-116.8620891824365,0.0005115256905264687
120,-115.31610666289929,0.0005264840766176349
121,-121.21956513524056,0.0005495988082839177
122,-122.35805818438529,0.0005171672516735271
123,-121.85989269018177,0.0005356709183251951
124,-122.57391490936278,0.000531161953258561
125,-108.67463966032965,0.0005519111336616334
126,-116.397561467113,0.0005596958873502444
127,-111.32141455831001,0.0005929792542883661
128,-122.4701034784317,0.0006060658388014417
129,-119.36776203215132,0.0005738042751909233
130,-123.3102852702141,0.0005825802248727996
131,-120.85906983017921,0.000590515778894769
132,-120.20262376666068,0.0005503317796683405
133,-115.84151948709041,0.0006033998723432888
134,-119.93577837944034,0.0006128870476095472
135,-116.375712568406,0.0005962755567452405
136,-113.91430381899696,0.0006361569378350396
137,-114.03629050906748,0.0006146727557643317
138,-111.31345240017396,0.0006408840072981548
139,-116.82561263404789,0.0006333573891606647
140,-115.5603035509586,0.0006911396668874658
141,-118.39614536762234,0.0006925460424099583
142,-122.84659224152571,0.0007391950247983914
143,-118.70894671082497,0.0006891287764301524
144,-116.80281560849396,0.0006342716091603507
145,-120.92919853627679,0.0006874751151190139
146,-118.79511206746102,0.0007065857163979672
147,-122.56885027885438,0.0006901410123100505
148,-120.16186250746253,0.0007251033985812683
149,-117.95330431461333,0.0007667354158184025
150,-113.40300634913152,0.0007431542528502178
151,-112.38944052831495,0.0007672175305197016
152,-120.53843286931514,0.0007750856522761751
153,-123.1354316473007,0.0007835759581939783
154,-111.10938606930429,0.0007551887357840314
155,-119.05490485131747,0.0007944890631188173
156,-121.7432477593422,0.0008137225566315464
157,-120.16252702474591,0.0008117166846932377
158,-114.5342761566397,0.0008270868098770734
159,-116.16362443361436,0.0008291633155022282
160,-119.7765531063079,0.000836413537763292
161,-115.81289265479437,0.0008573542858357541
162,-118.44467889368536,0.0008718302074703387
163,-117.84132418036467,0.0008511595828167628
164,-117.53951581120484,0.0008630571237881668
165,-120.83907943963997,0.0008829519715800416
166,-92.83205401673904,0.0010787636539316735
167,-117.31032627001403,0.0011141650662466417
168,-117.89896723553531,0.0014725273684598505
169,-117.65610548853869,0.0021175661716551987
170,-113.37311041732322,0.0034262664100970144
171,-85.59977747853846,0.0016283055729581974
172,-113.23683949057012,0.0025384710024809465
173,-121.71621435284615,0.0036981564117013477
174,-114.76640396806174,0.002222628598974552
175,-121.33693857789032,0.003142402290250175
176,-118.13130186209449,0.0022278667826321906
177,-120.55052731037125,0.002746047202963382
178,-115.99547891728581,0.002455746617051773
179,-121.21540986895559,0.002162810463341884
180,-100.44034079359845,0.0038033489184454085
181,-119.4762208849192,0.002913934167008847
182,-107.23085298789663,0.0022394800465554
183,-115.1352852285839,0.0029968438725336455
184,-108.36954824021088,0.0040931590492255055
185,-115.08673461447475,0.0028427867210120894
186,-120.83614193201066,0.003755471695913002
187,-112.98788744732734,0.0030729980531032197
188,-119.83798440992835,0.0033271457548835317
189,-81.244861368544,0.0036245640012202785
190,-118.58092868626117,0.005014058182132431
191,-116.36734462380404,0.004537037563277408
192,-68.63145515639337,0.0038813682971522213
193,-118.83713996410367,0.008102881601662375
194,-117.75396033362486,0.006592840945231728
195,-121.58728254437447,0.006399540319107473
196,-105.40700854975726,0.006794436325435527
197,-119.15204523801806,0.007275480024400167
198,-79.66540422715482,0.006414136857492849
199,-94.3863873092457,0.008283056954387575
200,-110.74680849683932,0.007925235356087796
201,-118.88842391669752,0.008516156917903573
202,-84.47730689541204,0.01091042127693072
203,-93.40513632930815,0.009918798385187983
204,-120.95366294980042,0.012834478649310768
205,-101.911783388257,0.010144945790525526
206,-107.493213894777,0.012511201599845662
207,-112.44155573137112,0.01243977029575035
208,-111.50824981946506,0.012361180196749047
209,-120.84303321838372,0.014511261041043326
210,-85.21099152984098,0.014913332751020789
211,-95.4496391348366,0.013819679032312706
212,-111.86269268294559,0.01602037513162941
213,-120.43851376771923,0.014972006734460593
214,-118.70842896103858,0.015787674796301873
215,-99.56435520183298,0.01542957289610058
216,-107.56695530051365,0.015621507110772655
217,-119.15790362358092,0.017150870042387398
218,-114.76063028238714,0.015793851129710674
219,-102.80641630720346,0.015206767696654425
220,-87.24816839275881,0.016362655089469626
221,-110.42529939301309,0.02037000096635893
222,-99.20231262668972,0.018237713099224492
223,-117.77957907151425,0.01790869127260521
224,-115.41079477351163,0.017319319555535912
225,-114.79133649785068,0.020219204218592496
226,-122.21537511944766,0.01951939898310229
227,-111.14147469834415,0.019466341242659838
228,-119.36066783666608,0.01898204960860312
229,-104.7168543305248,0.01821689183358103
230,-104.64101730686374,0.02000580561812967
231,-115.42600947916506,0.019634155889507385
232,-118.18408562839033,0.019571758075617254
233,-112.18254368603235,0.019854011547286065
234,-115.56183161718076,0.02170924504287541
235,-117.16064150184391,0.018337066860403865
236,-115.88653273880489,0.02142367169028148
237,-119.76853256523611,0.02054372167447582
238,-116.66984319090844,0.0202239523595199
239,-109.8886076427531,0.02240871564950794
240,-119.37943722307683,0.021112297403160483
241,-113.73130055302757,0.021116069825366138
242,-110.37306446200233,0.02191690294770524
243,-113.03579291561623,0.022057012505829334
244,-115.36474010059605,0.020848511126823722
245,-116.19782702538652,0.019841400890145452
246,-113.6781865899684,0.020652424760628493
247,-118.96219123005866,0.020928155488800258
248,-109.97389227161187,0.020244351790752263
249,-112.79637109357873,0.02043778433231637
250,-116.92602566480637,0.020605680514127016
251,-113.27618408960988,0.018860880059655756
252,-113.59984141037562,0.02107096352148801
253,-116.57567867878828,0.018409901435952634
254,-117.42139946222312,0.020455244979821145
255,-113.7402111899108,0.017872281507588923
256,-117.23290482461452,0.01769733551889658
257,-112.67297527415212,0.018421592959202825
258,-113.38503908207643,0.020111349059734492
259,-107.51722574606538,0.017312957216054203
260,-117.1665948713198,0.020804373149294408
261,-114.58557729385798,0.019361311341635882
262,-115.05672306269403,0.016829201239161193
263,-117.63713905811308,0.016085315803065894
264,-112.47933066331318,0.018236440075561404
265,-118.78958220481869,0.015386625675018877
266,-115.16612043306225,0.01881017970852554
267,-115.89617575705056,0.016705543713178485
268,-114.8920984715224,0.015802310381550343
269,-111.13013848401607,0.016080328803509472
270,-118.27910933494566,0.014949796698056161
271,-104.54429244007913,0.015199015154503287
272,-110.37707755723974,0.014847099618054926
273,-117.27994210720061,0.016866084409411997
274,-106.26282109480812,0.01424738252069801
275,-108.04853065451607,0.017504920498467982
276,-113.66613412080333,0.012245264875236899
277,-117.67438206672662,0.01603712554788217
278,-115.02505424246189,0.014917044453322887
279,-111.08443655979357,0.013207997877616435
280,-114.55759352575406,0.015771464556455613
281,-117.0989826202392,0.015851801151875407
282,-87.69896415360277,0.01702621232252568
283,-119.19164099693296,0.016961655793711543
284,-118.0716525420547,0.01729033999843523
285,-118.48846695423114,0.016230046426644548
286,-117.56215009391302,0.013522587369661778
287,-119.31043004393577,0.01545005623018369
288,-76.98015268350639,0.015969115532934664
289,-115.5256773224101,0.01599806424463168
290,23.276046808343402,0.016354586260960154
291,2.8915099573787693,0.02012221162941036
292,20.647836896777186,0.04509421352122445
293,59.62252596467724,0.056457825364208125
294,0.47521904516029956,0.08607139469104562
295,-79.71072567198428,0.10025883426191286
296,-126.41459121927623,0.1097185267927125
297,-129.9641966402531,0.09762637079227715
298,-113.43419068343935,0.08498744839336723
299,-88.84368651141412,0.0751240341598168
300,-70.04690706636762,0.09120802838820964
301,-133.08889362812042,0.056134305375162515
302,-45.55015649404379,0.07070768949110061
303,-63.298910229234,0.07583050998393447
304,19.204300277959547,0.07964849602135401
305,-65.62938782917337,0.10678665035869926
306,162.33641354944552,0.10602373386733234
307,-3.268011446669715,0.1230864069890231
308,-85.80017203316095,0.12979092594236136
309,-73.94946095461489,0.11159064303152263
310,9.272085677273594,0.124862726876745
311,8.459929817542438,0.10980276802531731
312,-1.2831140147522184,0.1076735714219094
313,11.04138337001202,0.15237360383250884
314,5.211756782885653,0.1571009300782212
315,-84.38552365154028,0.16028849924448876
316,50.549400806427066,0.14744152817409487
317,120.98460883051159,0.16929474487406773
318,21.326038124319155,0.17130774553056413
319,-101.30907015069391,0.24140805209055544
320,-91.02604517936703,0.16306858769152313
321,14.780526017956383,0.18681189612336252
322,24.597641426697333,0.22662166136230322
323,-3.390040924400102,0.21340005844831467
324,-0.891694305790617,0.19291441191794576
325,41.06004668422969,0.19949850065291985
326,31.70433578677474,0.24431165300986984
327,-115.78629671633243,0.25007893786765634
328,-109.6971405476332,0.26862674575764683
329,-116.24455565214159,0.25648967707064
330,-0.6377552826189969,0.2653881638522254
331,22.785382669651884,0.2836830033286965
332,177.46319635100664,0.27732671609148385
333,10.03782713115216,0.303287956875211
334,75.22809125282802,0.3402094914496917
335,29.058740659756566,0.34516369508394196
336,-118.70522899031641,0.3366751164291054
337,-4.013805761188291,0.34033943888563545
338,2.1153991114348543,0.3480231189850445
339,5.080891293287278,0.4034428790010913
340,5.814638559706545,0.3234696861356497
341,16.86115421405993,0.4649333211554754
342,-116.61592584252352,0.3125649938359857
343,22.86172841612715,0.4190393285768712
344,-118.18791198730459,0.3813190835528076
345,1.9384005676954903,0.2907272792572892
346,14.582006420544351,0.2791966032124607
347,15.057010952010767,0.36756411742441314
348,-69.00920962896193,0.3433498969580978
349,18.13540830705317,0.33771147384591726
350,286.4499744141475,0.42157418401911856
351,13.080575327016357,0.538477834239174
352,-93.30585507650395,0.46745683210901917
353,172.72334132245743,0.4649009921401739
354,46.76762450071976,0.45265795217913596
355,15.351843403559172,0.4577795782436927
356,7.041524965758426,0.4717038823105395
357,52.348340682778485,0.4574165220984391
358,48.169978222064685,0.555616416321215
359,3.923324309883183,0.45000691479071975
360,-63.522004188597286,0.6653119656257331
361,41.14088241155258,0.44477163318355206
362,23.05846901871264,0.5929920608288652
363,27.230079007893806,0.5511929156258703
364,-111.80532527118922,0.6118698578886688
365,-67.84804073553528,0.6119708906672895
366,-78.23348044380549,0.5771878414228558
367,-111.52824437078088,0.572872924041003
368,48.589576699957206,0.5852055639773607
369,-67.20901415944101,0.5141497666295618
370,-72.7097562473268,0.5822564647439867
371,-91.05777244043999,0.6271427863556892
372,-72.66829686698036,0.6533577765990048
373,-81.00386722544208,0.5362860982865095
374,-81.69977748077363,0.5058323821239173
375,-93.18869419880204,0.6312469056807458
376,-72.84931683847684,0.6142407015711069
377,-75.21883768555709,0.4887442352809012
378,-80.13962340969589,0.6607973645441234
379,-89.411606471613,0.6031114854104817
380,-86.19277649633587,0.6328001945186407
381,-75.61738062123766,0.5374296320602298
382,-87.31156850289554,0.5211285957228392
383,-75.79440236007792,0.5953224875219166
384,-86.63669274589047,0.5696994746662676
385,-90.98130858577787,0.5014192141406238
386,-86.06025412618185,0.5918796379305422
387,-74.53049101009967,0.5504980364628136
388,50.0875848252792,0.5397831240480535
389,-81.08573634419596,0.5795253414101899
390,-79.64105285219847,0.5662375958822667
391,-71.4904601864051,0.6363774358481169
392,-87.25282645346599,0.5249535921216011
393,-74.025438143732,0.47722135912626984
394,-34.60383136477319,0.5875453502126038
395,-102.5098837655038,0.5439782315678895
396,-97.50248428201303,0.5924318253993988
397,-64.48574365340173,0.6799493185989559
398,3.97746380884203,0.593296389915936
399,-72.1882820136845,0.5780490606464446
400,118.1420071382075,0.5766696004942059
401,3.5150841320865425,0.5846655534162205
402,-71.71302382843574,0.5570003826357425
403,-56.03227677347602,0.6618137804977596
404,28.788309051108058,0.6028349821285978
405,-71.2449340596795,0.6366443585604429
406,112.77384977564215,0.7066238637082278
407,-4.142524424009006,0.6057931953761244
408,44.79239677328149,0.6263862491026521
409,28.895232750847946,0.6734326978806745
410,-48.44827118645122,0.6608029949851334
411,72.14661599360409,0.7073947619444326
412,-67.95048750126736,0.5581088295951485
413,5.8764930490404215,0.7095874986639529
414,-36.75333628617223,0.8367804484628141
415,5.74750582352282,0.70065395803659
416,23.939207425678607,0.8203710837687335
417,-71.52571638310332,0.7514283419214189
418,11.275172328273708,0.6809113942857447
419,23.378796507045607,0.7277121194955254
420,-68.34756498327476,0.6851567139849066
421,-5.219533724640524,0.72865240367278
422,43.6534718047827,0.7165745247494091
423,10.872641324438108,0.7278951056213421
424,13.728908181563034,0.7439372713064275
425,49.441337127611064,0.7173695121189403
426,62.04117996050046,0.8537283891811966
427,-5.143446391820886,0.9061307682897206
428,49.57134928759183,0.8664415654558573
429,18.484729970921762,0.8811128310559467
430,56.449458725308034,0.9090591371480354
431,11.938822596217497,0.8386448397538306
432,10.008480158634457,0.7960164099701761
433,1.0922611898742485,0.7140609201043844
434,21.728182115452388,0.8461949413642287
435,-8.139854137785765,0.8730751333965195
436,20.66530335154385,0.7615055095034036
437,6.832966582104614,0.7762801585240023
438,7.105044986307606,0.8845281671344137
439,-66.76792212463916,0.816583096254617
440,1.0975370376137903,0.9061331051031509
441,11.870859572291321,0.8545488412832705
442,6.251622334355476,0.8706690042005109
443,14.088068289216622,0.9529191734143562
444,32.792763332650054,0.8758086221943419
445,18.55481157107277,0.8674925302635439
446,1.0622804518789053,0.8269347718058081
447,-1.0741321108303943,0.8135948335649046
448,19.546865706157398,0.8542589219565877
449,4.196462698932759,0.8763418312035721
450,16.982357972487815,0.8737747395058083
451,-1.9657963579520619,0.9172319834120571
452,18.755516097694652,0.9092726544137822
453,26.4000234832871,0.8369285046797375
454,1.6845194600522682,0.8918924274854362
455,7.0703129008413015,1.0201937770470977
456,2.74960363137067,0.9517177901212956
457,15.727336242794996,0.9148815013002605
458,0.4112598481238656,0.8060893737500714
459,5.7507970876992065,0.9984940895076954
460,6.923547713132596,0.915104205354671
461,17.16959412097931,1.064763805526457
462,0.6652001709677702,0.88917567661244
463,-12.821662935987105,0.9424447384819891
464,-0.49105104692277024,1.0040367090248115
465,1.4691558757797019,0.9708380577172718
466,10.648353634041284,0.8275098607708247
467,7.534579177200806,0.9012335384460656
468,20.564492551609895,0.9518681958934684
469,24.771976730984193,0.9744771748103879
470,-4.131216245796532,0.9892527893321906
471,3.415684413304584,0.8667298679708675
472,2.129618153348586,1.078889425723003
473,16.032718639820807,1.0096367160144029
474,17.886834910837948,1.0284827832037058
475,27.112828961573562,1.1310862613978183
476,2.7160134352743928,1.1857921949387351
477,-88.61923846900463,0.947075457982719
478,9.02486658543353,1.0740797094340566
479,21.604438826267867,1.2555865295514275
480,-4.903760158270625,1.0443544073684796
481,11.59686201401055,1.019601047088049
482,17.72869300395251,1.010622906452045
483,31.665623004548255,0.9920486961925252
484,19.872274745459436,0.996912206730081
485,20.571472206711785,1.1224356684718073
486,16.679155726544597,1.184455113802232
487,2.4620772175491066,0.991697804261762
488,7.572246597660692,1.0041988708078862
489,19.004537110589464,1.278939235001439
490,8.704856654815345,0.9538486336162428
491,28.25449342629871,1.136317610112019
492,-6.83914247192442,1.1900569177205451
493,24.315108371526033,1.0687881771747658
494,19.791917470097562,1.065872597689854
495,21.894215513579567,1.038026051011664
496,-0.18282376304271253,1.0592625740449875
497,36.14163180440667,1.0084700998878051
498,39.14782747579739,1.0654451633882092
499,-3.734393085073661,1.134304341377623
500,20.91332842074334,1.1312414644005364
501,48.43606924563647,0.9087525516508087
502,14.715004468709248,1.2732422393281013
503,-0.3805906295776076,1.0547380493378933
504,4.349797265091917,1.071496666562331
505,2.3157740104709923,1.0022549722565426
506,26.990867591928712,1.2614795649777861
507,-21.895601584576106,1.0467942505477266
508,6.795418153144437,1.1798466461516868
509,18.621495282277507,1.0778028198712788
510,25.351569487899575,1.3114005241004176
511,17.122113677300554,1.1474538365378977
512,-0.6717514995485736,1.1363761068924385
513,16.729715912416577,1.22432963839083
514,39.617621721932665,1.2447014884231333
515,40.4095999535639,1.230342768176004
516,21.652768996357914,1.2095432065427303
517,5.329639342986042,1.158524390359066
518,5.966182536853038,1.241547764317524
519,36.57047149310819,1.1628083719829605
520,4.7772709637880055,1.2369286189757802
521,0.8557401722296714,1.2525652660089626
522,15.062213179282859,1.311357794363806
523,0.46865829769519607,1.27463342438077
524,15.995139940187833,1.2711280348689058
525,27.905010811798288,1.1329009029895636
526,7.754510827548813,1.3191434125238586
527,26.69077919553964,1.375374538451433
528,30.892463368363664,1.2774135640689306
529,2.011534130084307,1.302896298798202
530,5.798602140694825,1.3429740759144937
531,22.368714541569343,1.277945433359046
532,-0.4242842542007548,1.1278778893407435
533,18.851689017750324,1.3495626802814293
534,25.121526815847034,1.2881665675965852
535,-7.293539106822568,1.396260454054968
536,18.968635988980566,1.1071183442572752
537,-2.5686391819268355,1.4252019397503028
538,29.589605197682985,1.2912240817018275
539,11.103392178763137,1.3232135892446553
540,-2.240180134773288,1.465563001789454
541,47.527588329091685,1.1582014379668828
542,13.905235721729685,1.3808717302933424
543,22.06468526339159,1.163472611166827
544,19.894729126431073,1.308292962793558
545,12.63429995986011,1.2674328477690056
546,21.949291132949313,1.4227716218680144
547,6.615875377226603,1.4062574446389946
548,10.953611974604422,1.3979984657373279
549,25.507103070849553,1.2922301867056167
550,30.285109287686662,1.3441523977133059
551,22.74628855846823,1.2865543305695415
552,21.899295776989316,1.628166557142609
553,35.174848455563165,1.4207544702343469
554,11.007057335553743,1.4875579972313828
555,6.37982614152134,1.3897487524332421
556,14.261277296021555,1.3534064181614667
557,24.234228200372275,1.4995300116091124
558,0.9810347129125088,1.5737487854577645
559,22.482924889400635,1.4056035283350659
560,18.089069414744202,1.4660588564413988
561,46.12260366864501,1.3427890345078557
562,5.458230344951184,1.548979731298545
563,8.737898699939228,1.2961546405692774
564,17.437208907771844,1.3502902443691784
565,26.017249918542795,1.3944341798381108
566,29.21661940515042,1.5175040625035763
567,22.367500224767713,1.499142317303333
568,-0.9755057662725495,1.457296646417615
569,2.2741368307731857,1.4186179861426353
570,-57.14820733405652,1.4994942681118846
571,5.450943626847568,1.5773035632392574
572,-26.302509248070432,1.6676849791035055
573,25.856949728168548,1.439995378876726
574,19.802332218026297,1.5749107476257713
575,22.192164507694507,1.5833465586367406
576,39.74073430221472,1.434573400341822
577,12.14002721756698,1.5369445412204816
578,11.266702678333946,1.61433234603116
579,65.82398422285915,1.4062539714930662
580,3.962958305329064,1.5742154907257784
581,3.9768862306725836,1.5085916181671477
582,4.855214603058997,1.488344852033763
583,-20.81885681292041,1.5515901495143771
584,-2.2930847365408997,1.5588102173611258
585,-9.01462165166159,1.5480121945341427
586,0.7330261094496446,1.6486838598158107
587,28.389992664381865,1.6781873328656685
588,29.42300709375413,1.5330164661241132
589,6.042319133505211,1.536665725857901
590,31.667087819986033,1.6993348613467025
591,63.722628716751956,1.5647347848724436
592,-58.34893612265586,1.746078596636653
593,6.546664452343281,1.7209694326637748
594,6.800165197253239,1.6487002827033594
595,9.376609651930643,1.6726799061967552
596,27.612332280259597,1.5424009217698684
597,26.71034290306272,1.6410728415182556
598,21.294298412650843,1.769468784539236
599,249.56671996657968,1.5006384154458245
600,2.5147040646523724,1.7379213304569323
601,12.869925554376117,1.440732845364465
602,3.7020984031260085,1.451235917348393
603,-3.295437543850859,1.5961774691090065
604,-47.39540567526127,1.6451863051578401
605,8.211282820510688,1.62662654694604
606,4.117353608366027,1.5050764679062096
607,3.5282062394544695,1.7037204844808136
608,17.57620666562581,1.5963828515930054
609,10.216950695961676,1.7431824164731162
610,53.12614579666405,1.7008935529496763
611,1.0148486713413174,1.6440739406772502
612,13.906596434488888,1.6852183881238467
613,-11.213884639181162,1.8797719608661692
614,136.70430959346703,1.85774887234762
615,10.782105806469904,1.6320783495903015
616,-5.94617450581857,1.6550209048039772
617,-73.7710180687951,1.718732921332121
618,31.000321258604522,1.6097086085116161
619,-4.980416127294305,1.8002453571754302
620,12.469420180236968,1.5936523589548792
621,6.484377725614474,1.6240692539140582
622,-8.12925794268958,1.8390694460490855
623,13.646220206841818,1.7841414635380108
624,14.538534612581115,1.6387010288538693
625,9.731269085221042,1.716232103606065
626,26.048941940255453,1.9039286200777958
627,5.999008474731815,1.9051960429610455
628,7.812352792546189,1.6826377721756873
629,7.894811673089809,1.71427730743478
630,-0.15384387867524651,1.9679798913929991
631,6.1054373323917375,1.8926053937701952
632,10.310520489420755,1.7814914559793171
633,27.05802499409766,1.9419912720719974
634,-3.356280317157527,2.070378313636222
635,15.461512792110462,1.6784446655881184
636,-3.230548274517055,1.742719297164253
637,23.990049711987396,1.8736612651011217
638,9.816970793902879,1.8074832383270671
639,-0.2780231347773494,2.009351424247988
640,13.25297668352723,1.9914256726799449
641,10.702216956764472,2.036059437974079
642,3.5328602869063577,1.8762826302221842
643,-0.2582286052405891,1.8518173042804964
644,12.081726849079157,1.709224009257884
645,-18.857506898243535,1.8418142995033315
646,-4.0320519234984875,1.702961392831384
647,-7.676131474971729,2.0084481320675764
648,7.505364373885126,2.0534817587697143
649,10.845914669428023,2.1095799824688584
650,-1.1937535624951074,2.175433371761223
651,5.532789176469725,1.8751507965643281
652,7.392833339422946,1.8163354151531474
653,-5.961469724029307,1.9118242690960565
654,13.883081253245516,1.8487643704616599
655,9.259171525016395,2.155814439195431
656,4.731193354167065,2.101900651063546
657,4.634025288373289,2.16245267275841
658,14.027981259953222,1.9868874523908862
659,0.3395545762032839,2.192940554003927
660,11.455336012109209,1.9023247695987737
661,7.42043698541829,1.9879574043347554
662,8.423513714969157,1.8610406938721151
663,13.653509578760723,2.0383567889762477
664,10.55358954165129,2.0810569450721976
665,41.755517199961474,2.250283051236737
666,7.815040716156361,2.271906548359009
667,-110.80441415701063,2.3133648424595594
668,-113.74071412682537,2.1013540321961046
669,19.35698214881124,2.315914705496382
670,14.841848232597096,1.8970476052275411
671,12.017546056956052,2.046668629684756
672,9.463793930411343,2.1414872254273907
673,20.590124241262657,1.9162207114848362
674,7.255307814059808,2.102618965980233
675,-0.7655403358861506,2.1008033512416713
676,29.873655660729842,1.8885186272409726
677,8.848353125154976,2.1663234650819416
678,20.776260381750806,2.02770408131666
679,17.095589800924053,2.0623461666450003
680,82.0248539582826,2.2642142040551536
681,14.87323777657005,2.1059755082951477
682,32.56665163021536,2.122690537896676
683,16.445839730836436,2.2485916379445827
684,13.92069049626592,2.169272743665532
685,-9.192592988163234,2.0955115214542106
686,37.96213254905307,1.9968619250251862
687,7.4120522595942155,2.2585049349589634
688,9.445413367636473,2.2347611153718105
689,29.629603488417366,2.1076381694621
690,13.558700116630638,2.069335853861224
691,3.1114987738430546,2.538307214071674
692,28.910298584960426,2.3254633950403867
693,22.022586369514464,2.068350969296363
694,17.7575895439833,1.984075159855085
695,21.326901439309605,2.2632847715027724
696,4.519947092235064,2.2648815478654516
697,25.97526321827898,2.330017027643419
698,21.429733617976318,2.3799571799521413
699,20.78591109627233,2.716100910847837
700,40.173520173609745,2.2283766340555213
701,51.981331296730794,2.602846458554268
702,31.44138358552012,2.451622090935707
703,45.35049875648693,2.306585182023771
704,26.46873685792088,2.1714507023883023
705,42.195853088051074,2.3279057037198183
706,20.977856488339587,2.4527976562579474
707,38.71859478540718,2.275335131936772
708,16.014569089561697,2.5183252642552056
709,44.177362247137374,1.9905931825738354
710,16.887164904735954,2.343143695613017
711,28.4915967057459,2.26607108512559
712,23.663369678915508,2.5844322220458613
713,19.620191847439866,2.4166835549377628
714,17.48114112168551,2.413493995930975
715,17.0812774568796,2.183793887798045
716,15.80089947618545,2.406817953478783
717,18.010351919941613,2.6050469173866064
718,40.01070609555754,2.454198039300514
719,21.594919997453694,2.527973860812684
720,24.748593621701023,2.5810229097643207
721,13.823661657609055,2.455283974962575
722,206.0727738797199,2.3055403529825607
723,30.486454553902156,3.2875488830031827
724,16.397238380461953,2.500924663580194
725,48.58703465294095,2.648164196432322
726,-1.6124024886638004,2.5605081026531327
727,241.00933714117858,2.753782584379936
728,21.86291120668212,2.522824651581778
729,34.2658587124199,2.6119813839407087
730,35.816919623594735,2.5690698954037257
731,140.6295857377583,2.415077423786416
732,25.472134719649326,2.5190311245572796
733,35.22181012639778,2.328333505969139
734,32.56297517446799,2.794843361860043
735,17.768352023698395,2.558057843027888
736,2.4163760617375214,2.536279885196372
737,40.64857942780942,2.7634624878138854
738,17.684685183479473,2.587299010697627
739,36.52977954899544,2.610546857212918
740,15.356520599871915,2.954621811249074
741,31.446567308623347,2.537695696589931
742,46.59194467496127,2.7038031760950267
743,27.37013250240127,2.48152056711399
744,39.387437911750766,2.5227106160351207
745,21.194204722344892,3.154804171239202
746,43.812443353142584,2.923475327111824
747,47.39191299239172,2.575121204581177
748,26.39658272145318,3.138608258340927
749,43.97120145745577,2.3930683295769866
750,45.40275038958062,2.7362227424434047
751,29.147642505913964,3.121156267773092
752,15.561391537636526,2.6411994633078577
753,8.72410993427038,3.0576399301660473
754,25.468986950814713,2.4509784622570954
755,39.004254236654404,2.910729103434233
756,39.29520320203156,3.5405644079682173
757,30.822777596069503,2.90125183514349
758,19.267813078872866,3.139027497420708
759,20.929688208643352,2.7653384628711932
760,35.589283475372966,2.7287049298233623
761,30.179472480621204,3.3616319708746567
762,36.104117080080336,2.922878460924318
763,37.59493741733024,2.9191763300176072
764,14.886399833485445,2.69044473855978
765,23.748712019436077,2.9162324418624244
766,26.76469682808967,2.9739332521154034
767,14.49162374548614,2.5306392062094902
768,45.40632677192335,3.001297451510574
769,40.235965807153875,3.201469621568356
770,19.184631436015508,3.143447671458125
771,48.68900195677995,3.0287083954135805
772,41.961917553096995,2.7172920710859243
773,42.67996674245226,3.0635814390012195
774,17.88472872134298,2.985916778544585
775,70.16284179519862,3.0080359823756164
776,10.813796595484067,3.1508957659298518
777,18.68108054213227,3.6737739207926174
778,-105.45805643210187,2.826351869031787
779,38.201486973333544,2.686188337006947
780,27.652676383405897,3.079847957281505
781,23.864047327544515,3.212690586751362
782,34.05403702129263,3.6264298548804055
783,24.22888811044394,3.3723007285787214
784,26.567051051184542,3.3515722764260842
785,12.42793412059544,2.956129311015142
786,33.73465422578157,3.1921045637130736
787,36.16166736907328,3.252940425238052
788,45.604933220054974,3.5898112417338135
789,42.06310509750331,2.9468089286585033
790,21.64288494512439,3.6525169202103847
791,10.529153267107931,3.25248775370419
792,22.962743843439934,3.26663828343153
793,61.02049293089659,2.646666276900248
794,28.86710036844019,3.5148068347573282
795,27.66334166300953,3.393333968616301
796,29.06551087200646,3.0637320017664686
797,27.03924190625551,3.1272022996346154
798,27.29608511356632,3.321467677844159
799,33.7321521645412,2.918819137788438
800,41.37279678350315,3.053210435571467
801,102.93424570392818,4.055596148595214
802,7.868618409708111,3.7463369457641753
803,37.58703920636327,3.6467451641582094
804,38.6474804922473,3.575045212471124
805,-104.7383572798222,3.545788847655058
806,-6.893843803554729,3.4714904965199147
807,14.732101588696231,3.764987285462966
808,-112.863311997056,3.565939473360777
809,26.546185102022726,3.3796409918054655
810,41.835309100197605,3.3190483502399775
811,376.1340087961406,3.688649857416749
812,34.504099103435884,3.284639785813678
813,17.85843706205486,3.675475785861144
814,39.67585995607078,4.0630872705290395
815,13.313389822095665,4.39594790322727
816,3.0983623418956974,5.083167931751201
817,11.164984327554698,5.184556363084737
818,129.09786463594068,6.097418735027313
819,-112.22780335643331,6.453706963211298
820,-107.97373160608113,6.781046403199435
821,-102.86485133598325,6.47993090391159
822,-23.87504453137511,7.240931457281112
823,-0.606477327272243,9.189307434288835
824,26.227554718777565,10.781799526798805
825,26.92718489058315,7.097743634791935
826,27.893465099111225,6.026718518766416
827,30.545461773313594,7.80106854609623
828,39.078290823427935,8.948121424118678
829,23.4270858563483,7.3032311246312895
830,23.62767337956469,8.861186500390371
831,35.03289113547657,7.658482676744461
832,4.201841286313767,10.310287613183894
833,36.295461767259994,9.343432176927601
834,11.756939225271347,9.750002268431842
835,35.81046043932441,11.175627830389299
836,15.004617888096261,8.70783801521692
837,22.80756464079021,9.86225133133935
838,38.36075335573406,10.923771490590482
839,30.5641479710117,11.372397427270615
840,13.940023845434197,9.064547859188309
841,17.47809362411499,10.098095648314642
842,24.538227260857823,11.633927815538996
843,25.456384386308535,12.729126157091676
844,23.063412392139433,12.171307231637014
845,24.02110033035281,9.378127925369862
846,23.6632008612156,11.662234482538961
847,13.517541577108203,14.373539173477132
848,25.65063936542726,9.232689573065095
849,25.694266439974353,11.998569775534714
850,35.05916604516098,10.315969718941327
851,125.43457385192156,13.718474652171135
852,22.323716872185486,14.11029735973903
853,43.0909723496996,13.807097689421088
854,92.2868385460344,11.636022494389461
855,24.010304508928687,10.471126178608221
856,36.24193363152443,11.694478795548116
857,16.57543586418032,11.726439819733303
858,35.64664080234944,10.549843852617302
859,15.69155038669708,8.896090655428607
860,14.402277213154605,15.564429741014134
861,40.37267129449175,13.49841783940792
862,18.075552860647417,13.227133470868308
863,24.71619511060415,10.652155135737525
864,16.487121532252104,11.474580819621409
865,147.3863512883196,17.237161228957685
866,17.489582794532197,12.71268203388266
867,26.528570974536727,9.041948160842844
868,19.38295929469167,10.900279720916467
869,-18.284742029849404,12.61368992716074
870,39.67558097615837,15.100713163986802
871,8.257120307907451,11.082767275017751
872,14.334822768345479,13.601347285465602
873,53.16578033864498,13.340170158871583
874,18.631305842287837,12.813552753491836
875,133.0056361751631,10.226205043348612
876,-20.63071159934623,9.446956759095192
877,21.717912059277282,13.703657560314692
878,14.28383141942324,13.011821609735488
879,15.055377282015938,12.537009099696546
880,80.48742160664406,13.229353238781579
881,28.684061602503075,10.90274707531107
882,-59.866518756235,14.156228180229665
883,35.880779678933294,14.166146057793219
884,82.43256026478484,10.760121574059376
885,-104.32631585970522,13.360506595522166
886,-64.14951799316333,14.021459676325321
887,-76.99293657178062,11.136860920190811
888,27.78725888282063,13.372066626473078
889,-111.16931107640265,16.074183079302312
890,-118.76221431493754,12.415043478161097
891,-124.21236836910244,9.8612085044384
892,-121.98231299482289,11.239323049783707
893,-123.72109019756316,13.167177628576756
894,-71.41008655875922,13.699083947241306
895,-113.02646823823456,10.673989779353143
896,-81.94992698528804,10.320557516217232
897,-132.77935242652887,13.766168854534627
898,-133.58875112533576,14.770113530755044
899,142.50368510670958,11.929792254894704
900,-135.59183896780007,11.560072522461414
901,-136.56649650335314,11.572758103907109
902,-136.40881989002236,11.25575389623642
903,-134.50492939949032,8.996038575172424
904,24.24306037034839,14.372398109607447
905,-134.20549354553222,10.601293142139912
906,-125.96943838167938,12.837694764733314
907,-136.6597438812256,12.107405023872852
908,-50.15679686306973,14.269014841914178
909,225.4801322195795,12.151505901405848
910,165.05391394570472,13.271362420566922
911,-63.89309485575648,14.678501810133458
912,-75.80897029098121,17.110471403300764
913,-8.83218149598681,16.32501991599798
914,-78.78429895676672,11.668875659704208
915,-60.919419084163394,13.431880756616593
916,-2.0285269335144935,14.928526118695736
917,-58.577348379418254,18.954079500734807
918,6.936151580128314,20.806342174112796
919,159.0867124984041,18.343050118535757
920,92.60059874597935,19.659037733078
921,177.52169305703137,16.922714615464212
922,127.00212620422244,17.354146289229394
923,148.21534835845233,15.245092371347788
924,151.61640727743506,19.67898848069751
925,116.1177944300696,11.505018463454295
926,88.07751701949164,16.17439741583971
927,211.13972965637225,16.597712648433188
928,70.73960294798019,19.59089201305345
929,123.18159041535111,17.54187988102436
930,2.573491756338635,16.772174327075483
931,119.96916681956499,14.970449792616295
932,165.23897153586145,18.113869652748107
933,122.42360660675914,19.006602848813834
934,99.48341931235048,18.48340942084789
935,67.72654898371547,17.80902220249176
936,-33.606258844258285,14.624160578250885
937,57.5417600633111,16.423015538156033
938,56.70386671558949,17.414294843971728
939,45.54735876992344,14.8942446911335
940,143.90294522903858,20.110241061449052
941,90.42358939272816,15.978306052303806
942,60.202143620606485,14.41604225829168
943,56.03593985922638,19.556137476563453
944,61.21294181912672,16.891001408100127
945,33.23078600591976,15.909837799072266
946,137.8014118425548,20.367552821040153
947,147.62471508265003,16.39380418227998
948,45.86576367034581,20.774759686589242
949,-54.65216646473855,19.76731388926506
950,192.6876158702188,18.091630483567716
951,122.40434141326695,20.89761811733246
952,113.2183076189831,20.88012623220682
953,137.75751658938822,18.238476471188143
954,95.55681429053661,15.911937792003155
955,1.4602811193676053,17.9298508349061
956,224.58901070002463,19.58436135487123
957,-38.58878950495273,17.93927089244127
958,132.44894337398,17.902521293630045
959,-75.47261031474919,17.13215747088194
960,-43.81470503425227,13.606706486344338
961,25.710759588563796,15.898942235708237
962,261.2123755560256,20.112572419643403
963,-82.25550171188077,18.878225257992746
964,211.15358693012968,19.65250279522333
965,60.15650956387397,17.42794372157736
966,58.26176495566034,17.07395736536189
967,-79.55491692852237,17.161537679731847
968,-92.67316024666654,19.459099393486976
969,-25.865683103911564,17.576248237788676
970,-121.30962941236794,18.004286378622055
971,-69.22214765553362,15.698870053291321
972,-63.39750092979525,19.08758427530527
973,159.22507819551976,14.757544806729193
974,-76.37472155387516,20.042427177131177
975,-64.44683142676946,17.472889913320543
976,23.742573376232784,17.465600556031816
977,77.30132361175491,18.295996698797964
978,25.414951224531983,15.731558147091535
979,80.56526709012685,20.866820295651753
980,54.98568776603788,13.952941588817104
981,47.63535797391089,14.678499107658864
982,-126.81794321238998,18.809923061728476
983,29.760838890596634,23.932210471710015
984,38.638658298458886,16.618671011308145
985,-63.72776945177462,16.843068636059762
986,41.48387926463037,20.554523727819745
987,77.56977530829607,16.54669898809846
988,15.859539918042712,17.373117726980425
989,36.63281060270967,16.729259357197595
990,86.18501582199244,19.06897834965161
991,-38.758491831086594,23.09460143327713
992,-128.09141435623164,17.42528960108757
993,72.69152010418476,22.68893159652243
994,49.82993404543961,16.418051311075686
995,178.81732967980207,20.5036477163434
996,-10.73216859921812,15.471120279431343
997,-128.1915712714195,17.09748118340969
998,-69.2249520613812,18.275558131337167
999,21.770530518703193,18.90580648045207
1000,40.43620682593903,22.94021576713948
1001,84.73424415783958,13.61349160483009
1002,35.88015743196013,26.180313393473625
1003,52.59501895811408,19.348596021361736
1004,8.203091001231266,20.47290880076195
1005,78.46772177353269,18.829653012125117
1006,222.76324622817324,19.330290512748498
1007,-105.60666721951132,17.597506580352782
1008,30.623427988588833,23.55478299649294
1009,57.75152633842082,16.205587102307213
1010,26.888563800230614,21.755188374916713
1011,46.960605478193614,22.132419363190145
1012,26.71040045544507,18.1929458630085
1013,12.516291739279417,17.93134131764068
1014,48.76127809984608,13.787169267508117
1015,37.144835429266095,22.616838519678176
1016,23.49742395915095,19.864386117060977
1017,14.988840980280639,20.430112685311226
1018,15.848722016811392,20.82301684900334
1019,268.46832402385763,18.812536384986373
1020,10.888903405156437,19.335999925931294
1021,90.70983034456148,16.427478605881333
1022,35.16944704949857,21.69379570896243
1023,21.110648145247254,17.750791852906247
1024,28.046739271329727,17.825710900520022
1025,30.945143668586393,15.165390887078207
1026,17.22216115221383,15.542133796377247
1027,38.22334832744673,22.43826267436931
1028,21.970021577924527,18.88276084315392
1029,56.74221665533259,17.94176769530636
1030,28.339535725861808,15.262029134607934
1031,39.11673015723937,15.036702617814269
1032,37.421715065557535,22.44740255724999
1033,201.59859270481397,22.46028287626885
1034,13.492328232526814,18.370641589164734
1035,25.448839953681468,15.763927644931229
1036,28.79581028223035,15.488233084211478
1037,27.039132113754746,18.82856297492981
1038,48.064277307409796,16.087782362857496
1039,29.992775536701103,15.033462573950356
1040,79.53421029634774,13.385033564723056
1041,184.10979390569847,18.090837491847374
1042,41.91519959396685,16.66345347639937
1043,61.05081787174569,13.907572297887368
1044,45.263478281721476,15.272309177168985
1045,36.50766121577473,14.855572798035361
1046,91.02021078504625,17.08172561849157
1047,25.55076266434046,12.975569816378805
1048,39.73269228811842,11.526026806633944
1049,37.274113607127234,14.55481945840936
1050,26.418455845862596,13.661312798390517
1051,20.125126270018548,13.469349792311268
1052,37.56401050538989,14.4899955743196
1053,47.055966086476104,13.025465780570183
1054,26.391736260335897,11.710545007361482
1055,27.4804044195684,14.27676161368688
1056,51.272747611627,17.28055504070861
1057,36.754931758996136,11.84564143499272
1058,63.63216105289758,13.361105085789472
1059,17.765871657431113,12.148643802333352
1060,37.374731856957105,15.305765790598732
1061,21.279067004472047,13.698718291211438
1062,38.178897206985866,12.26845785677433
1063,140.17185427509247,11.685192485841421
1064,49.825858941744066,12.428440148571887
1065,254.13118196353312,14.232530174431977
1066,133.83585584480315,12.839942289410898
1067,53.31544244829568,14.094092150050473
1068,40.293622479774086,15.170679145654043
1069,29.34595893174413,12.251776096287307
1070,17.452066354081055,14.71912103830135
1071,53.62914348179475,12.595505830770481
1072,53.49732142483115,14.838861456477499
1073,84.47317063305528,14.968203326421124
1074,31.18950686622412,13.197731641715006
1075,51.81740243822421,12.092362145702523
1076,27.476205640984688,13.773055673030115
1077,43.45258518513295,15.838786600843855
1078,17.6462192496285,15.88621422568957
1079,33.756215190142385,16.036615110841797
1080,49.72392783686519,13.845364042640437
1081,28.45494411438706,15.495530516966015
1082,27.38426447119565,15.244333826397595
1083,146.40521920814646,14.864981717096185
1084,22.596793299913443,13.732578539162231
1085,29.072167332563524,14.438357689753682
1086,-71.48934254224879,13.38906728297472
1087,28.665762279182694,18.980165498777176
1088,15.388951947540052,18.46098661039557
1089,26.433796123787765,14.673889395829878
1090,23.03232493130489,15.966372770659717
1091,32.48285161890091,17.392124856447246
1092,96.60406402614903,15.109776680697937
1093,28.155879538133767,19.66799354053044
1094,12.073451807349914,13.23879823302911
1095,-116.8126013820991,16.12658729955554
1096,35.79377662371844,16.888568953061714
1097,-0.20797559507195196,16.417806753661573
1098,29.240589226502937,16.057183371294265
1099,26.902430787903732,18.336001118536917
1100,18.20548579366877,16.543343352391418
1101,-79.64817730411885,14.500727379322052
1102,42.29916070662438,18.0248769027947
1103,-110.86994389761243,16.842181142568588
1104,39.54489692291248,11.313682610699624
1105,43.36197970733049,14.799318419231309
1106,11.8484711073339,16.902873124125637
1107,18.964325311407425,19.465501452982426
1108,11.767075681779563,16.089017485960937
1109,4.988511996716262,16.71139874702655
1110,0.9782376077026438,13.398926197746654
1111,2.6749245367944443,13.797444198864053
1112,12.157804211508452,16.813660818302704
1113,15.232939921691985,13.084561621025205
1114,18.485141908854736,16.979592195424168
1115,30.707573733106244,14.014254513275192
1116,39.81995939165354,14.42422472302978
1117,-112.84871065132322,13.002288496792316
1118,28.983553730603298,12.164278424367673
1119,-0.7812901868484712,15.549314979559336
1120,25.01694884374738,15.23038588189546
1121,53.3657502030604,13.879007230557146
1122,15.841561213880825,13.582527843661278
1123,41.383851158490856,15.088250793432922
1124,30.189320968603713,12.989663107450617
1125,10.755164347216471,16.107794395565282
1126,-4.225817785039542,15.773214915665713
1127,12.570399532094646,14.26756829827841
1128,-0.02001641360110895,10.948004504044851
1129,15.132579138595583,13.351528068263846
1130,9.533903301134744,13.415352858603
1131,-11.154074440896588,12.075775882919428
1132,13.157407641073227,14.223835079758256
1133,33.71634843219071,13.364061479057584
1134,34.16128527205437,9.324923702342781
1135,26.403991491918028,16.451471232942172
1136,4.016029576322765,11.357004094980434
1137,134.42049910929052,10.937368779506498
1138,7.424623726611021,11.39845243077841
1139,16.797371940221627,12.496218499961806
1140,122.7643434734084,13.532124765065252
1141,-0.6667956605553691,12.650120481064445
1142,33.711017053527755,12.747544588069239
1143,0.9001918036490526,15.691628495167041
1144,10.911142755486072,12.168417454133799
1145,41.6969387971796,12.944723781684171
1146,34.924701957404636,12.278697401448026
1147,7.27214735522867,11.53467372206994
1148,31.450174797140065,12.688800108290005
1149,107.59788044113665,12.625962166786193
1150,35.163618776667846,13.528916375742433
1151,42.713683415809655,10.391266835914863
1152,13.064754880964754,10.118604410262336
1153,32.97662024697057,9.784006481511252
1154,46.840964681748304,12.349028431556441
1155,16.857121499022448,12.819917889578003
1156,-0.6141926019918564,13.017629781294437
1157,8.704963777586826,10.395749308076905
1158,11.292525696754433,11.513455933835132
1159,4.6787043273449225,12.393381969943928
1160,19.500023885630096,12.336914741156393
1161,12.32367522343996,10.94577134205472
1162,14.52834108773385,11.267085312103683
1163,12.848865710943954,11.59416342894715
1164,30.282547219400318,9.816537611939934
1165,34.279930060822515,10.028617171446482
1166,25.995034209731983,12.181194319580142
1167,16.66166810737922,8.64910083430154
1168,12.574539788719305,13.272958944583761
1169,89.82674183622002,12.6375186747693
1170,204.9787568835541,13.708445401813673
1171,-109.84262288101014,12.311595485508441
1172,127.30905225705358,11.775124963659506
1173,158.66607551226627,11.272523953914643
1174,7.0419464866165065,11.292846876417281
1175,15.107578207529127,12.343738827731583
1176,19.464681792724896,10.430325860989855
1177,171.14184247106311,11.48319739417026
1178,3.144224091793939,10.153153518949237
1179,7.868147088773554,10.178961670398712
1180,48.562734420318165,10.58063676782038
1181,9.975001532491294,10.604295508672962
1182,-103.30276061310428,10.346319965422154
1183,20.921330755902474,13.773250044502827
1184,14.093127323209744,9.787262002873865
1185,9.023045037686824,11.128649125433272
1186,-102.53042595158334,11.431082018613814
1187,105.40905161257838,12.440406016419443
1188,-100.16998997782356,11.665062525868416
1189,97.62235876452176,11.027381367360553
1190,10.687385441735378,9.737552003572452
1191,1.7980982166947896,10.526796151609982
1192,7.874319095350813,11.12259107200723
1193,96.04189203772694,13.00435388579811
1194,-100.56714483536783,11.57210515588522
1195,40.16874769534916,11.948245819233641
1196,31.577008991315974,10.6968489370848
1197,39.674046009872114,11.096630997955799
1198,-106.44046039870005,9.753099373877049
1199,16.94262544913221,12.916571491182188
1200,-105.32751133255661,10.116783501207829
1201,35.88010235708204,11.026199087593126
1202,30.18314584842883,11.573572831389345
1203,-105.2163478746079,11.66550139605999
1204,-105.79011443927878,10.123892995715142
1205,-107.94176472730463,13.840823269486428
1206,-109.21057090553228,10.699961047768593
1207,-110.01752973169792,11.568618872761727
1208,-108.29704355634746,12.14928884088993
1209,46.0803891053423,11.342136756166235
1210,-110.68406953751108,11.248155045211314
1211,-111.23728503372878,9.859369069635868
1212,-111.79459834110457,11.130943243503571
1213,-110.69553707465536,9.744937218129635
1214,-101.96209818795323,10.913811373114585
1215,246.48496998026965,12.389619689374356
1216,-103.16670390507208,11.312381373643875
1217,124.79259237227959,12.074741440917808
1218,180.6333175796783,11.27170714421488
1219,42.0598358697724,14.559221173486401
1220,54.02535660266875,12.24519440703367
1221,58.37109041903166,13.958645368164236
1222,-114.16860677897928,12.633634625673293
1223,51.4436932846904,12.581263041649109
1224,-112.28081519280106,12.972373550832272
1225,-111.9577674582601,12.260040722489357
1226,-113.38673881229482,11.944008680582046
1227,-110.59884434115372,13.184062377214431
1228,-112.45216791243301,10.793438901901245
1229,-104.53390509188172,15.414065834283829
1230,35.25507972193881,12.785913929674361
1231,-112.75582004189488,10.219802024364471
1232,-113.73543627411127,12.452285092771053
1233,-112.3438614889048,13.57244899392128
1234,-112.03672718722376,12.788909910917281
1235,-112.3204314886592,12.084492019116878
1236,19.051245264429568,14.94681519442211
1237,34.987495185807354,13.443633240622443
1238,14.733924814034232,14.591860377705181
1239,-22.44980840645727,15.213227185667778
1240,-65.73917837738989,11.463575426340103
1241,12.339366046153007,14.970274802734112
1242,-112.74674920039249,12.330932271778584
1243,10.311908153258276,12.647773815434554
1244,14.402484946325432,11.452301141067787
1245,18.894786679977535,13.931524008957307
1246,29.664021019916976,12.749576274352737
1247,-110.11205425001688,16.918940106034277
1248,7.055064415186644,13.334646200104583
1249,-113.43435688782482,13.054509519040584
1250,12.792299934476631,10.58008996265776
1251,-110.51792788757017,14.599440170526504
1252,11.206690239347491,11.70388563827232
1253,13.491966485418395,12.674428439315628
1254,12.122593186888855,13.118099689483643
1255,76.12035646215085,13.978264285326004
1256,-116.72416893243793,15.2509827876091
1257,19.222384897130524,13.677493176353511
1258,8.382486933458129,13.815799099869198
1259,9.705481229349981,11.748901827729863
1260,33.45173001028603,13.52059195028699
1261,22.124551946856066,14.144949051260038
1262,18.083246706379576,14.231043661082232
1263,12.644850720232377,14.1037436597275
1264,13.68582759649727,12.593306487973999
1265,9.359213394671693,12.645937223326076
1266,20.05637450888753,9.72098439887054
1267,17.021892154868706,14.252646326122427
1268,-115.21545850932598,12.335045555830002
1269,37.92183731384575,10.532206776007166
1270,-112.38851126952791,12.050800421237945
1271,41.90674191159199,11.700011730943835
1272,22.012926681339714,12.016152321850813
1273,-115.53384383618824,12.451936663985252
1274,-113.06057708933949,12.775283030867577
1275,9.229418245796149,9.671684819952885
1276,14.214460614323624,10.743153137057575
1277,8.58566627418624,11.5148029088974
1278,16.416985364444585,12.256013479695392
1279,-113.65939336419103,12.261582164168358
1280,-113.99277823567401,9.853057037591935
1281,6.111799816414708,11.753518364885274
1282,-112.0201299250126,14.443511182665825
1283,20.501980614662184,12.13257714680263
1284,-110.74653344750402,13.409607027173042
1285,-108.66635473689527,11.542225075364113
1286,17.663895742967714,9.959668568685546
1287,-110.7772519290447,10.12466271340847
1288,36.846671824459904,10.207104326905432
1289,-112.2502694055437,12.181241860985756
1290,10.366882105544196,11.952329283290439
1291,15.63446801258252,8.919635451015305
1292,43.635687038931096,9.47455666547904
1293,-110.00010105818507,9.952584774196147
1294,17.33687911527229,10.350225158980194
1295,-109.52981350934134,9.282907546758652
1296,5.3531393947902295,10.846537956293078
1297,12.086531686387008,8.92041620923512
1298,18.794759421050543,9.904500753946706
1299,22.282085247896603,9.028268487784114
1300,-109.68011525163897,10.567360329627991
1301,12.578383797512473,10.714670407939964
1302,44.94137859954499,9.665129573721634
1303,12.085209629684682,8.044261113457058
1304,-109.7361860573292,9.213239981532096
1305,-109.52664646655323,9.783947639465332
1306,-110.52095104157927,8.423336691856385
1307,-109.81811894939746,8.925436741113662
1308,-110.93627409785982,8.365618168115615
1309,38.89899708572775,9.593523235831942
1310,-111.4691997230053,9.094393665790557
1311,-108.49401534236965,10.693630075454712
1312,-48.27153554810212,9.022002510428429
1313,-109.1027222103614,7.768078540563583
1314,-17.33493690940083,10.015528640576772
1315,-38.855171806376894,9.526013352274894
1316,-10.730539357964856,9.521710711082227
1317,-54.80183079205449,9.42323920726776
1318,-44.06840704977512,8.655875250697136
1319,-83.31320895394309,8.362120142579078
1320,-86.96758546326306,8.881909332871437
1321,-52.47607160080225,9.202818729877471
1322,-113.52524238843476,8.272743083834648
1323,-116.1917799122631,10.818036058545113
1324,-114.59337226203638,9.58504624247551
1325,-118.03236791938544,10.114326282143592
1326,-118.9531137242913,9.581740070581436
1327,-114.22429494378163,9.604331644773483
1328,-114.28378561809662,9.258352100849152
1329,-112.85277766407233,11.051366691589356
1330,-113.00966630087933,11.502585476636886
1331,-120.95505051910875,10.979390198588371
1332,-115.45976711073882,9.182326107025146
1333,-115.85026356796742,9.235201262235641
1334,-114.6188123129308,9.849403688311577
1335,-112.26843382976953,11.414358703494072
1336,-111.44584238287065,9.453715428113938
1337,-110.89886186588558,11.041405048370361
1338,-113.9944092456251,8.908195298314094
1339,-110.50832441761165,9.262431232929229
1340,-111.78977267723533,9.20151872932911
1341,-112.9171976238489,9.315842720866204
1342,-113.06357157211748,9.85183300793171
1343,-112.24093369012694,8.447628011703491
1344,-111.70433964231052,8.821936593651772
1345,-110.62425466477872,7.856324561834335
1346,-108.60883580497465,9.144153245091438
1347,-111.39497621062911,7.315432111620903
1348,-76.3730780445971,8.714991852641106
1349,-100.71717609080947,8.69239217787981
1350,-91.32469127116488,7.534495861530304
1351,-95.43071639386477,7.806707932949066
1352,36.80119469445198,6.98680056501555
1353,70.4587376246229,6.097782309209147
1354,-58.90111313750971,6.480052652657032
1355,-88.95972039328203,7.161648117899895
1356,46.58513060184194,5.453935178486924
1357,48.122457502607716,7.019579664071401
1358,-97.62601917092687,6.897918977737427
1359,-71.84786301832649,6.9697046220302585
1360,-100.3607846534229,7.0701314458251
1361,-101.59431213083445,7.35372431576252
1362,-110.95676162838933,7.729862695336342
1363,74.67704568468032,8.64698931634426
1364,-109.3652281295508,8.207899000048638
1365,61.02967475028709,9.021434485291442
1366,92.54011467136442,7.428873620629311
1367,-134.65167677402502,8.609436620771884
1368,-136.23174120187758,7.806963288486004
1369,-136.89318637847902,7.980830696821212
1370,-106.12897664894112,7.850228779613972
1371,-109.23958846926682,8.191278537511826
1372,-109.93641361147164,8.602319801449775
1373,-136.4185450196266,11.368010352551938
1374,-110.43581166788931,9.653994483947754
1375,-112.63323592552909,11.565108078122138
1376,-136.43175262212748,7.171137635111808
1377,-107.71515318960884,8.937603718042373
1378,-109.8285365104675,8.902311005592345
1379,-106.70690299663688,14.644067670702935
1380,148.9069420746994,9.21839124952408
1381,-136.52281306982042,10.386635706424713
1382,-107.46526588028061,8.987633481025696
1383,-83.55580786541113,8.875768109560013
1384,220.2457167321815,11.209245074619638
1385,321.14965175054937,9.539282423853875
1386,76.83008047952318,10.47856409496136
1387,47.080798962851986,13.328339531931574
1388,174.85176687878555,11.901439681920138
1389,-106.3031352325343,10.661096240878106
1390,-105.83754602633417,10.86385879278183
1391,99.1501264997758,11.627939646786983
1392,107.60767334997654,12.036497280305746
1393,-105.35754339201377,10.730285422801972
1394,-105.5659034460783,9.614210138618946
1395,-108.30200192015617,9.462114316225051
1396,-109.20174766050188,14.457046408057213
1397,-108.28245483908108,10.204944818615914
1398,-107.09377317009492,10.372343555688857
1399,-104.90925688073037,11.516219967007636
1400,-109.0220458514989,12.87406256735325
1401,-108.77710985317826,10.002250024676323
1402,275.61352547155695,12.989842272940136
1403,-107.9123128779232,13.071155272126198
1404,-109.52592160031195,11.641388278603554
1405,-107.2922964222264,11.976363272070884
1406,-106.85891771037136,13.088193321824074
1407,112.60523888729514,12.88921449661255
1408,-108.27831145385285,12.334091522693633
1409,-108.61857336594252,14.814396380782128
1410,65.4162934566382,11.804320466761686
1411,-111.75624923519786,12.225700921416284
1412,-109.20474939979611,12.369919891059398
1413,-85.50264237220401,16.03914889037609
1414,-111.37415300339927,15.015351648926735
1415,-90.79235879882471,11.063747714161872
1416,-112.15569036259544,11.839922351837158
1417,-108.91442179331752,14.333128194212913
1418,-111.22033810541032,11.603149598240853
1419,-110.01728297695517,13.569830541610719
1420,-110.80113614946602,12.98581071317196
1421,-111.77765053957711,14.949028742313384
1422,-112.16175978332758,14.335518507659435
1423,-111.10686895549296,13.368293816447258
1424,-111.50201038382957,10.444276727437973
1425,-111.9048808276654,11.827264270186424
1426,-111.94747127294534,13.864600388407707
1427,-112.23953742682936,14.66219153225422
1428,-112.4512561351061,12.136636206507683
1429,-113.36660158261648,15.183139639496803
1430,-112.236593438685,13.057070994377137
1431,-112.1512295186519,10.434476234912871
1432,-111.94233334064482,14.960685146450997
1433,-112.91360011398798,14.76439264535904
1434,-113.33401985764507,9.439244828224183
1435,-112.5986248090863,13.88954937338829
1436,-94.15807183667783,14.00641618847847
1437,52.53439740230095,14.250752635624098
1438,-107.51232541715731,13.06382749348879
1439,135.8446828736924,13.27746694890698
1440,142.15941899316388,14.95424031496048
1441,34.838945357594625,11.699588983123366
1442,91.62316616764292,12.654100701808929
1443,47.19097289764325,13.078962366211224
1444,29.75396406026555,13.187860216034784
1445,23.363008912932127,16.241429379582407
1446,118.19235596954823,14.647537326571918
1447,-110.10241033583881,15.029128273129464
1448,44.637340470217126,12.6564286552011
1449,157.08257529363033,15.38952519416809
1450,8.302202439773852,15.449765719430294
1451,158.68864307706247,18.633813814113015
1452,19.93898418955503,15.393693136541467
1453,14.476365889143196,14.063489949161356
1454,94.31735585965215,13.913217011064585
1455,13.832595591247086,16.47467320709559
1456,57.657302252948284,20.516722679138184
1457,-106.26958216289053,15.925490003824233
1458,13.124827127414779,15.551406053449377
1459,83.26750564239919,21.108916800046703
1460,11.635980211943401,13.344752382349085
1461,49.67914966754614,17.259027396855146
1462,13.098296327609619,17.842931450849555
1463,5.870177898742249,15.017739046926367
1464,31.33717855929863,15.18684930742884
1465,47.651128404866895,13.85976631781634
1466,37.51470067906193,12.142878932867221
1467,50.03579658297824,15.268799471444098
1468,-87.24396333098412,14.508247841596603
1469,29.366985579393805,13.190050748330128
1470,33.99810178391635,15.574252228420901
1471,25.16217180965466,19.33001456442912
1472,-71.67176064054367,17.43407416701317
1473,-82.46880181971939,15.528977941274643
1474,-96.06803674728145,17.26162705004215
1475,-116.28931319713597,14.264089459776878
1476,-114.46936901807784,14.139501649141312
1477,42.194817891530676,15.285830976291635
1478,-115.20217981338497,17.229334496855735
1479,37.70894614439459,11.540151645865622
1480,-114.18977305889135,14.436319534182548
1481,-113.63169889450074,11.844518603086472
1482,-113.82782418262217,13.200740175247192
1483,-113.56001130342479,13.315285798311233
1484,-113.19545189738284,12.126218762993812
1485,-112.69613016545779,13.288955522179604
1486,-114.58353161215777,11.026790177226067
1487,-112.68865795731543,12.751595003008843
1488,-112.95740613639352,13.668953695893288
1489,-112.35088370740417,10.702683289647103
1490,-112.57109808921815,12.047553273439407
1491,-113.55950914025306,12.650254172682763
1492,-113.71914682686324,10.964183143377305
1493,-115.16650840044026,13.235884736180305
1494,-116.64084276556974,14.111952396035194
1495,-119.06101885437964,11.99835880458355
1496,-116.17518332004546,15.38461696922779
1497,-115.42347694635396,13.405032707452774
1498,-118.14391325712205,14.985815653204918
1499,-114.87707157135014,13.665924488902093
1500,-120.26796209812171,11.420644531846046
1501,-121.74168130755429,15.840828796625138
1502,-117.72036402225493,12.076388630270959
1503,-120.98735777735713,13.841615654230118
1504,-116.79710150957105,14.457439771890641
1505,-120.16172238588331,12.771237267255783
1506,-123.35280897617339,13.826452538669109
1507,-120.58031486272806,12.989247823953628
1508,-119.28701654076576,15.074156632423401
1509,-116.70906254053116,18.67354963183403
1510,-121.0141086816788,14.886257709860802
1511,-125.45887970924369,13.628618436455726
1512,-123.06541273593902,14.745451071262359
1513,-123.95132339000698,14.58607734143734
1514,-126.15537666082373,11.503955242037772
1515,-125.29975057840353,12.428711348176002
1516,-124.96787135601042,17.555538845062255
1517,-125.48121412992481,11.534516728520394
1518,-124.04024304151534,11.626101686656476
1519,-125.98129904270169,13.301807382702828
1520,-127.37138273715975,10.023045282959938
1521,-125.65494273901,10.80612556874752
1522,-126.58321113586422,12.812465081214905
1523,-126.87513078451151,10.089079027175904
1524,-126.1655305624008,10.981007288098334
1525,-124.77000380754465,12.621889400482178
1526,-126.1701369524002,12.501412776112556
1527,-127.8812195301056,11.408347263336182
1528,-127.4221619009972,9.945950943231583
1529,-126.92016547918323,10.978015956282615
1530,-126.50893679857249,11.970611345171928
1531,-127.52936432361602,10.168845935165882
1532,-128.6161715745926,11.793246720433235
1533,-128.61407446861267,13.018228874206542
1534,-129.5376568555832,14.43267739713192
1535,-130.7108840584755,11.385042620897293
1536,-129.53446499109273,14.107980568408966
1537,-130.04095332622535,13.484673756361008
1538,-111.7237928047777,11.299005404114723
1539,-129.34088579416274,12.710481432676316
1540,-111.55520905889566,11.722889365553856
1541,-109.96675752922891,14.47487283051014
1542,-131.11382499933237,10.573157969117165
1543,-111.97133907803803,13.46775850981474
1544,-108.09777123311072,11.187304814457894
1545,-110.40245009068161,11.091656844019889
1546,-109.43747385367752,13.529492211937905
1547,-111.2364236749709,12.854133245050907
1548,-108.57280733417721,10.787441922426224
1549,-110.72252741493278,10.620323871672154
1550,-113.93788408152747,13.674877834320068
1551,-111.15289898983902,12.519397248029708
1552,-109.51926980863794,13.557572765350342
1553,-115.97274862909693,12.775348745584488
1554,-108.0944288841565,12.058607444167137
1555,-111.05827859321148,13.387832024097442
1556,-113.08422266602284,13.516392845511437
1557,-106.57705536116842,15.930952305793761
1558,-110.7653538477374,13.570226647555828
1559,-107.9681208621245,14.336376960873604
1560,-107.07142506864614,12.937975519895554
1561,-107.00060490270855,10.833111507296563
1562,-108.5077033633599,11.213990887999534
1563,-106.53339285431427,10.797935171723365
1564,-110.87880909413803,10.744332424998284
1565,-108.87523843484225,12.239831231832504
1566,-106.51885597128418,13.066023846268655
1567,-109.06724143587049,10.617961587905883
1568,-110.50391937959935,9.9485441583395
1569,-109.25740165264583,11.637358825802803
1570,-106.58919903128405,12.38631718158722
1571,-107.33500417261381,11.04654016673565
1572,-110.22176046458777,11.686013781130313
1573,-107.420860499388,11.65274738907814
1574,-109.584853490023,10.168559126257897
1575,-109.76656070339963,7.321114355325699
1576,-107.51934092886512,9.288205019831658
1577,-108.59389833034942,9.690750381946565
1578,-111.22978978858988,9.19373666226864
1579,-113.75816626483567,10.184650754332543
1580,-108.58894885438498,8.928866783380508
1581,-110.47717145085329,12.506976359486579
1582,-133.55987465381622,10.61938867688179
1583,-135.9784449219704,8.540296587347985
1584,-109.29313581734907,10.121668792665005
1585,-115.14017864349304,11.56559292793274
1586,-116.77421430572862,8.692327961623668
1587,-111.43198385536681,11.244059893488885
1588,-115.76324021220208,9.690237063765526
1589,-125.22638991773132,7.400934889614582
1590,-135.28392857313156,8.208241366446018
1591,-133.56799433231353,9.886654250621795
1592,-134.76099661588668,10.758074170351028
1593,-135.2122843265534,8.704477033019066
1594,-132.88976178169256,9.166999221742152
1595,-130.98690831661224,7.05523299664259
1596,-131.609609735012,9.057593719363213
1597,-131.3406189441681,7.299457073509693
1598,-127.61269004344939,9.198917398154736
1599,-122.53254060149195,6.392799814641475
1600,-118.97397269010543,10.259375059604645
1601,-123.71379850506787,8.499363921284676
1602,-124.71605000495903,6.712736193537712
1603,-116.25964226126666,8.66051836758852
1604,-124.9899450182915,9.191174272894859
1605,-128.93705368042,7.530274810194969
1606,-130.2340850114823,8.241685668230057
1607,-126.35645814538005,6.651155039966106
1608,-129.71827899217607,6.303521389365196
1609,-133.03444768190386,7.473522886037826
1610,-134.03789824247363,5.888187479674816
1611,-135.12062194347385,7.116945741176605
1612,-133.14407804012305,6.957062976956368
1613,-134.4170951128006,6.932596147954464
1614,-133.10233428478242,6.767954726517201
1615,-133.4695541858673,7.834920980930328
1616,-136.99275200366978,6.120402477383614
1617,-136.80321793556215,8.808074013590813
1618,-134.1442935466767,6.5592537131905555
1619,-135.72851729393014,7.6760783910751345
1620,-133.3371703982353,7.596239477694034
1621,-129.0039618670941,9.182498037815094
1622,-133.9906450986862,6.296290397644043
1623,-134.17049596309658,8.304377192258835
1624,-135.96944563388828,11.15117355108261
1625,-123.59032857120043,9.062543421983719
1626,-128.29248833656305,8.140390762090682
1627,-91.89031574960094,9.274804202914238
1628,-130.64766889810562,9.892099800109863
1629,-121.41285224929449,10.633507953286172
1630,-123.27133670509791,10.537032284736632
1631,-128.23442299365993,8.96448945581913
1632,-134.2659216165542,9.262503026127815
1633,-136.91180721521368,12.530681887865066
1634,-135.02706061601643,11.217096853256226
1635,-128.70877138376233,14.361910976171494
1636,-136.2113955259323,16.33966660529375
1637,-136.32099597454066,15.415525708198548
1638,-112.30516376718884,17.91725835174322
1639,-109.61851458009332,19.22765275478363
1640,-108.20827249353754,14.095334553718567
1641,-112.77865527570245,12.456460871100425
1642,-136.9178958535194,10.663893652558327
1643,-83.7626401415095,17.36182085722685
1644,-114.01196964792909,16.278190168440343
1645,-122.55715956008059,18.550926701128482
1646,-127.49022001894201,13.614344383478164
1647,-115.88454120757527,12.402600992321968
1648,-107.11653393739833,14.415370082557201
1649,-125.5841763942502,14.395489433407784
1650,-107.66142238814501,14.410592389404774
1651,-114.56814464004123,15.002546234428882
1652,-109.28831947626304,13.209725208878517
1653,-108.71908514685926,16.417539560198783
1654,-107.83929713149563,17.948023244142533
1655,-107.54766504738939,16.425488827526568
1656,-107.660064532049,14.340961728096008
1657,-109.11189120262857,15.190163968503475
1658,-108.22184402775028,15.23211335837841
1659,-110.65969861664344,13.072588022351265
1660,-133.7798559460323,12.116034103631973
1661,-108.03019021651713,11.410066694319248
1662,-106.92556166001596,15.216858346164226
1663,-110.27331974846312,12.25169223934412
1664,-107.62010745268779,14.634178374707698
1665,-106.78842641159432,15.106027458310127
1666,-109.11092013273158,16.630474873781203
1667,-108.62724769171326,14.480457482933998
1668,-109.26044143140314,14.296198898553849
1669,-110.26948624078645,13.07565399169922
1670,-109.80091244606297,16.19555760741234
1671,-137.120341694355,12.666682490408421
1672,-137.42487694025047,14.927630600333213
1673,-107.51583765214303,15.293607786893844
1674,-107.71580657768068,13.450185534954072
1675,-108.01904436744522,16.521824955940247
1676,-137.46516977548598,15.589657743275165
1677,-107.7614090767224,15.601285183429718
1678,-107.70188540214441,12.837025910019875
1679,-107.45865732821402,18.165954560637473
1680,-107.56277555588169,11.817992771863937
1681,-107.27243817853739,11.206262269318104
1682,-107.19289438014387,18.487064150571822
1683,-107.49269388739485,15.43876876115799
1684,-109.9409968033433,11.1973697707057
1685,-137.7953974962235,17.542278709709645
1686,-106.33538336855123,13.645617724955082
1687,-106.51512510413302,12.530199494063854
1688,-107.20452816298922,11.677046524882316
1689,-106.32832833549479,9.654653864502906
1690,-105.09419522378595,13.600419045686722
1691,-105.40939323138448,11.303134155869484
1692,-110.04830983802678,14.309709071815014
1693,-106.32759650447413,15.3464635771513
1694,-105.07046341802919,11.23621340751648
1695,-137.46420736312865,10.400037907361984
1696,-105.49524367656555,13.213776519596577
1697,-106.87919276212341,11.46165670990944
1698,24.864276119298353,12.903092479407787
1699,-107.06308073857798,14.557356340885162
1700,-109.38349284529684,11.944397776722909
1701,-105.02147791885018,12.598005420565606
1702,-106.5031862772885,13.550975260138511
1703,126.62647124268112,9.937606448233128
1704,-104.64251021965168,8.35838799893856
1705,-127.59898596294225,9.701551220118999
1706,-104.49190654251727,12.793130121827126
1707,-104.33140048289205,11.706837144196033
1708,-106.47965763038945,11.799256575703621
1709,-109.2327232860029,11.051457016468047
1710,-105.24759223312147,11.358075398206712
1711,-108.37326158568034,9.088802517652512
1712,-106.1881369788199,12.117666978538036
1713,-104.7247333236504,12.976417941749096
1714,-103.83191989390183,10.019677816033363
1715,-108.79526144156702,12.701709541380405
1716,-107.97617099194316,10.19326870083809
1717,-104.72753739133478,9.796393192112445
1718,-106.53010053556572,10.552693736553191
1719,2.7873517042724494,9.404332818686962
1720,-105.22813615063208,10.841792822182178
1721,-105.34261137543936,13.346409784257412
1722,-106.0114800787648,8.652571371495723
1723,-106.18083280525173,8.670400940477847
1724,-108.83620754829607,8.708317560553551
1725,149.8707325233496,7.586171846668999
1726,-105.25934072535604,8.4452799102664
1727,-105.54346069310554,9.5378697219491
1728,-108.98773695230486,9.7032697057724
1729,-106.46904608518817,8.830491474866868
1730,-108.43899637417627,7.8286601021885875
1731,-72.91332253719739,9.742713849246503
1732,-78.02033778645563,10.759658077955246
1733,39.23979366132986,8.677526935781401
1734,-108.47182889035899,10.743965739011765
1735,107.83830449953676,8.578634032052966
1736,-108.47465743143108,7.319496696293354
1737,-105.35907727754672,6.733178615570068
1738,34.141547333355966,7.3559415804015265
1739,-107.67499552065267,6.646424523890018
1740,45.976629082346335,8.947828352451324
1741,-107.3163400594262,9.533570641577244
1742,32.565880057751244,10.819828106151832
1743,35.50126191490636,9.530005111041682
1744,28.648089099861657,7.356315951214897
1745,23.600552561879155,8.121860212525405
1746,-109.46758484840394,7.540432956963778
1747,-108.99261523551537,7.424202049672604
1748,-109.10802844539282,5.520022560656071
1749,-109.86520993560558,9.620999566912651
1750,-110.8411022078245,6.7735055315494535
1751,31.775358731113357,8.266532562384947
1752,-110.69342198967934,6.732639922499657
1753,-111.05024011365603,7.876748358607292
1754,-108.02468011461896,9.716889719963074
1755,-106.55790719845096,6.631990706771612
1756,-76.45686343070118,8.209876189529895
1757,-107.69675581490155,6.567771247029304
1758,32.636893590271974,9.001521598270962
1759,-107.85150170925772,7.106300215423107
1760,33.19344265108228,6.297169579097202
1761,27.61059011580654,8.531749844389992
1762,-107.35134263335499,7.150839470624923
1763,30.000006404903232,7.076168479719711
1764,29.95413338132201,7.329297876358032
1765,29.74930299529806,6.296170061858243
1766,-72.98366549536581,7.292815947383642
1767,32.38270231916101,7.39776945521957
1768,-111.21759018502193,6.284276702105999
1769,-109.63466333001857,8.951448810696602
1770,-71.19337423713878,6.540872506499291
1771,53.57591401014946,7.176520777642727
1772,128.05097709607804,6.373009783774615
1773,-86.30317002921367,8.399123003333807
1774,56.20776861840855,7.917531860422115
1775,-4.044088582321973,6.457726095318794
1776,-68.1082856916822,5.883185318261385
1777,-128.55547343641516,7.732105441391468
1778,-133.34184597730632,8.423516676425933
1779,-118.07579183019695,6.0923371767997745
1780,-108.87951538898048,6.05884819984436
1781,-78.5752684618346,4.212490958273411
1782,29.87630906607956,6.436304495296376
1783,-76.37120278393851,5.449044848233461
1784,-109.26133320182566,6.97856926381588
1785,32.535019385721554,5.665507601882944
1786,-137.03087316751484,4.9967374110221865
1787,-135.6324833154678,4.837863481640816
1788,-104.87012115679677,6.872485623210668
1789,-41.255596754141145,5.789492288082838
1790,-107.48808873631059,5.285441255122423
1791,-136.64923739433283,6.58249886661768
1792,-136.4869124650956,6.188684118837118
1793,-82.34939621834779,6.443139234483242
1794,-87.68504177527502,7.083947739452124
1795,25.35676023036939,4.789841355097415
1796,92.74975810702888,5.796187012791633
1797,-109.28301184251906,5.1863610209524635
1798,-125.97859004418139,6.45166281759739
1799,-105.80196390431378,5.3257393054664135
1800,-134.75535025596622,5.116925570964813
1801,-120.58001175634568,7.9491365465521815
1802,-107.57253518541116,6.0251670496165755
1803,-112.66676548104728,8.063106317520141
1804,-112.56591873979201,7.477335387319326
1805,-108.39849030139158,5.730395821034908
1806,84.56259418725968,5.7755687512849505
1807,-108.82985264323648,5.988131248876453
1808,-111.72624333687133,4.62822890162468
1809,45.859717110916975,5.808974338902368
1810,20.250518888887015,5.5527838880209615
1811,-30.306401346623865,4.73502145498991
1812,-137.08791810274116,5.045198435485363
1813,-109.177916265279,5.272898176312447
1814,-108.07255328149768,4.911818191707134
1815,-133.46956070661545,6.475614101588726
1816,13.920129755046242,4.927478569895029
1817,-101.41369537473659,5.032025668025017
1818,34.13075065612794,3.5882691955566406
1819,-135.38564600944522,3.483511537760496
1820,78.44425805173815,3.9329128936717384
1821,-112.56001964529285,3.991904761791229
1822,-137.5901889681816,4.507919895499945
1823,-107.24223853218142,4.105395361334086
1824,-109.67351505458362,4.692882065474987
1825,-107.65795335709117,4.401455022543669
1826,-8.638884869310983,3.192678091071901
1827,-107.52239819527024,3.7772675669193267
1828,-135.0285759329795,3.3814438371360303
1829,-112.69316361567472,4.21959882736206
1830,-136.46539449691767,3.144982113242149
1831,-108.3177565771388,4.06618202522397
1832,-135.53670262098316,2.7306179881095884
1833,-136.77981823682782,3.2186278365552425
1834,-111.42154408199708,3.346184641495347
1835,-113.43930384316488,2.9084239941835404
1836,-107.70570469461377,2.7912205013632776
1837,-19.90362161509696,2.8089766993423817
1838,-123.37922750692806,2.5830137749016284
1839,-136.30091574192042,4.07965200394392
1840,-23.02334058992566,3.2391317449117962
1841,-108.05353449775097,3.9986558204889295
1842,-10.050568284280528,3.1887247188721295
1843,-18.60132662914692,4.786606104118038
1844,-109.12572645992039,4.306959281861782
1845,-135.27715007066735,3.4925070133805276
1846,14.945523873227637,2.861456362924106
1847,-136.9556366086006,4.327662117779255
1848,-12.939631215110408,3.360324597515558
1849,-112.89499860625942,2.745091643035412
1850,28.62622129061493,2.966750591993332
1851,18.72473659291864,3.372404574727019
1852,-137.1505731105804,3.5410493057966232
1853,-137.38138912916185,3.584936574101448
1854,-137.23073130846024,3.0528866900503635
1855,-108.24248365031094,4.111263456046581
1856,-113.95220108255741,3.3659464625269173
1857,26.75134209198876,4.068455573219757
1858,-136.96691466569905,3.6052061204612253
1859,-108.77226059348328,4.254960489347577
1860,-107.26454408615831,3.687378817796707
1861,-122.41897511389101,4.042341173738241
1862,-15.336708947271086,3.830352907831019
1863,-136.82639918327325,3.1762640738487242
1864,-109.42466488480568,2.88607543438673
1865,8.151881044730526,3.5636194206937386
1866,25.82262970954183,3.4936513014908495
1867,-16.3644542522961,4.9371300341309725
1868,-108.6498151924461,3.3065292803943156
1869,-136.29958384037016,3.2978186394274234
1870,-15.193493523052862,3.9352692436189094
1871,-112.2110456242226,2.8364900440722702
1872,-136.66908098459248,3.5502875678241255
1873,-16.028277999162665,4.089103739413004
1874,-110.01488583534959,2.9574802304804324
1875,-109.75907755717638,3.764179216772318
1876,-105.53357561166632,4.3236519950628285
1877,22.243391688680234,2.7450852309835367
1878,-123.45355029292395,3.370875495374203
1879,-107.92340417546217,4.366225414425134
1880,-106.90874654306103,3.7208775302022694
1881,20.413020221143945,4.790889270922968
1882,-109.71207841597493,3.958060875982046
1883,-137.4771904706955,3.6205714990198614
1884,18.51788825318216,2.61165057283801
1885,-137.70862261056902,4.050807468593121
1886,-124.9691778520122,3.2297531452775003
1887,-137.24301779270172,3.998122477531433
1888,-108.63307085447015,3.437590314745903
1889,-137.0181424021721,3.968260737657547
1890,-137.41775130033488,5.109378506317735
1891,-104.6355798548553,4.398214830309152
1892,-107.8884778788197,4.340391148552299
1893,-107.60930208684879,4.860737022310495
1894,-106.8232852468733,5.65038845449686
1895,-108.59361030971554,3.810179145038128
1896,-105.46307971409985,4.634378961026669
1897,-105.14381831493229,2.932680294662714
1898,-17.44872475322335,3.3930884484873443
1899,-105.35450021624571,3.0443389634788036
1900,-109.35544500088953,4.558823368996382
1901,-107.97442276023793,4.190432980209589
1902,-107.09863741733132,3.199718161970377
1903,-107.7230802117964,3.47938033901155
1904,-105.06495369467888,3.4285457853972914
1905,-106.11695750632789,3.3831713917851447
1906,-107.6643693112536,2.8261223317682744
1907,-107.92913027553007,3.9742114028334616
1908,118.64290812313557,4.027586209503087
1909,10.572250133147472,4.619657551170026
1910,-12.47640477392121,5.468454866634833
1911,-108.96426449231805,2.8289800091832875
1912,94.76804610937835,6.489856262085508
1913,72.07412534691393,2.050868955064327
1914,-108.29375690424294,3.48268616899848
1915,-109.12534588910643,3.1621971753239633
1916,-17.613835396326586,2.868163230070651
1917,-107.73853627589993,1.5450926579535007
1918,24.07564719067887,2.5812481947243215
1919,-19.24681227854454,4.090004020411035
1920,161.7425384791568,3.832447089031339
1921,-106.61627241477251,4.200952193439007
1922,-13.851317038107664,2.0730608884286092
1923,-13.902727712783953,3.9390661850408777
1924,-17.174062903318593,3.8354121728435806
1925,-17.899771616701038,2.837332979338604
1926,-105.82833054177459,2.2419346918165686
1927,-8.5681012231857,3.823009342282683
1928,-106.75159095219567,3.2470472487807274
1929,-108.07033490807521,2.722480161786079
1930,-113.15859231876676,4.0986971969157455
1931,-16.173544197902082,2.9710264861420854
1932,59.670089445263145,3.124328054410895
1933,-7.818553785397665,2.9084553583174624
1934,-19.23099690829406,3.0511011568208537
1935,-14.417882293928395,2.9675628248133945
1936,54.537780741415915,7.825167175728021
1937,-108.69592511587493,2.471247548237443
1938,-8.195784909930056,4.83220217497118
1939,32.03796759601682,3.0205917932814166
1940,8.690498560201389,2.4184085760306524
1941,-1.8438604326918657,2.1787728918137526
1942,-9.202639888972083,3.3114347071411774
1943,-17.581719343177916,2.748539975699451
1944,68.25255874693397,2.9825691071528833
1945,-108.456708541268,2.4368467564880847
1946,-16.989787070546313,3.6120760399479788
1947,-0.501274991256615,2.756036883528857
1948,-18.40562991275214,2.4980265676013884
1949,-107.11430827854205,2.4332258489727976
1950,-108.93630924746388,2.662498674839735
1951,-7.292403078125815,3.915931717831303
1952,-137.67231261730188,2.341230540499091
1953,68.43896922133862,2.27912903510698
1954,-108.66658280210103,3.07798831269145
1955,-9.876918854378193,3.005970179035677
1956,-10.428254231438054,3.5004639638649238
1957,-108.49850983582441,3.9726193968951704
1958,-16.614880949631328,2.288596984247367
1959,-107.13840382955969,2.594665405526757
1960,-108.88530164663682,2.2205268689990043
1961,-2.0155261178500297,4.2711698571678065
1962,-108.63637073009747,3.4556504537910224
1963,266.23601544774135,2.2518861963831145
1964,-4.412069437093992,3.7151093440337313
1965,-12.561846650112395,2.991438782676149
1966,48.57999411439523,2.216227345403872
1967,54.88992780428381,2.4980596318206887
1968,-109.68730492442842,4.876066078171134
1969,-23.157352313666667,3.0334541284554715
1970,-109.35329243466258,3.440196078643203
1971,172.3566522258334,1.7662000019223458
1972,4.3246334122493675,2.883444453684651
1973,-106.46936772714834,3.6333578554540873
1974,48.83289805687964,4.903864068870849
1975,-15.187052367106705,3.625383860169195
1976,-16.685505108151098,3.585547388801652
1977,-109.55587485432622,2.9021915828436615
1978,-18.732478007627655,4.422750510439113
1979,-108.24878337549741,2.9663451635837554
1980,-19.76956196825487,2.780256580966322
1981,-6.387917025852907,4.910114579316643
1982,-11.071449694503082,3.376349515136745
1983,50.25020479297963,4.275694552463355
1984,5.029822026938163,3.1353604055941107
1985,-107.12863933683836,3.5999592581391333
1986,38.12564041158186,2.7821750643989804
1987,129.31490924782122,3.5672906145714878
1988,37.030979475658405,3.992822342158593
1989,63.14354762188158,4.294854533341196
1990,-12.110259885154699,3.9336729895737435
1991,50.890169418323794,2.840003720919291
1992,-108.90790916252882,3.660002042427659
1993,45.6287550959736,3.833792594435451
1994,-19.602364254603156,3.2942352880789936
1995,-16.979670385620544,3.6633000780310896
1996,-107.61739902070839,4.542014499381184
1997,-16.14889201242479,4.63785099541093
1998,132.1053509159945,4.216302731170736
1999,161.25576692367906,3.876175499130641
2000,-108.41873981856048,4.102426747605205
